"locs","dowry","awps","ps_loc_1","ps_loc_2"
"अमेठी अमेठी",0,0,26.15523,81.814116
"अमेठी अमेठी",1,0,26.15523,81.814116
"अमेठी अमेठी",0,0,26.15523,81.814116
"अमेठी अमेठी",0,0,26.15523,81.814116
"अमेठी अमेठी",1,0,26.15523,81.814116
"अमेठी अमेठी",0,0,26.15523,81.814116
"अमेठी अमेठी",0,0,26.15523,81.814116
"अमेठी अमेठी",1,0,26.15523,81.814116
"अमेठी अमेठी",0,0,26.15523,81.814116
"अमेठी अमेठी",1,0,26.15523,81.814116
"अमेठी अमेठी",0,0,26.15523,81.814116
"अमेठी अमेठी",0,0,26.15523,81.814116
"अमेठी अमेठी",1,0,26.15523,81.814116
"अमेठी अमेठी",0,0,26.15523,81.814116
"अमेठी अमेठी",1,0,26.15523,81.814116
"अमेठी अमेठी",1,0,26.15523,81.814116
"अमेठी अमेठी",0,0,26.15523,81.814116
"अमेठी अमेठी",1,0,26.15523,81.814116
"अमेठी अमेठी",1,0,26.15523,81.814116
"अमेठी अमेठी",1,0,26.15523,81.814116
"अमेठी अमेठी",1,0,26.15523,81.814116
"अमेठी अमेठी",0,0,26.15523,81.814116
"अमेठी अमेठी",0,0,26.15523,81.814116
"अमेठी अमेठी",0,0,26.15523,81.814116
"अमेठी अमेठी",0,0,26.15523,81.814116
"अमेठी अमेठी",0,0,26.15523,81.814116
"अमेठी अमेठी",0,0,26.15523,81.814116
"अमेठी अमेठी",1,0,26.15523,81.814116
"अमेठी अमेठी",1,0,26.15523,81.814116
"अमेठी अमेठी",0,0,26.15523,81.814116
"अमेठी अमेठी",0,0,26.15523,81.814116
"अमेठी अमेठी",0,0,26.15523,81.814116
"अमेठी अमेठी",0,0,26.15523,81.814116
"अमेठी अमेठी",0,0,26.15523,81.814116
"अमेठी अमेठी",0,0,26.15523,81.814116
"अमेठी अमेठी",0,0,26.15523,81.814116
"अमेठी अमेठी",0,0,26.15523,81.814116
"अमेठी अमेठी",0,0,26.15523,81.814116
"अमेठी अमेठी",0,0,26.15523,81.814116
"अमेठी अमेठी",0,0,26.15523,81.814116
"अमेठी अमेठी",0,0,26.15523,81.814116
"कमरौली अमेठी",0,0,26.494242,81.557575
"कमरौली अमेठी",0,0,26.494242,81.557575
"कमरौली अमेठी",0,0,26.494242,81.557575
"कमरौली अमेठी",0,0,26.494242,81.557575
"कमरौली अमेठी",0,0,26.494242,81.557575
"कमरौली अमेठी",1,0,26.494242,81.557575
"कमरौली अमेठी",0,0,26.494242,81.557575
"कमरौली अमेठी",0,0,26.494242,81.557575
"कमरौली अमेठी",0,0,26.494242,81.557575
"कमरौली अमेठी",0,0,26.494242,81.557575
"कमरौली अमेठी",0,0,26.494242,81.557575
"कमरौली अमेठी",0,0,26.494242,81.557575
"गौरीगंज अमेठी",0,0,26.207707,81.685985
"गौरीगंज अमेठी",0,0,26.207707,81.685985
"गौरीगंज अमेठी",0,0,26.207707,81.685985
"गौरीगंज अमेठी",0,0,26.207707,81.685985
"गौरीगंज अमेठी",1,0,26.207707,81.685985
"गौरीगंज अमेठी",0,0,26.207707,81.685985
"गौरीगंज अमेठी",1,0,26.207707,81.685985
"गौरीगंज अमेठी",0,0,26.207707,81.685985
"गौरीगंज अमेठी",1,0,26.207707,81.685985
"गौरीगंज अमेठी",0,0,26.207707,81.685985
"गौरीगंज अमेठी",0,0,26.207707,81.685985
"गौरीगंज अमेठी",0,0,26.207707,81.685985
"गौरीगंज अमेठी",0,0,26.207707,81.685985
"गौरीगंज अमेठी",1,0,26.207707,81.685985
"गौरीगंज अमेठी",0,0,26.207707,81.685985
"गौरीगंज अमेठी",1,0,26.207707,81.685985
"गौरीगंज अमेठी",0,0,26.207707,81.685985
"गौरीगंज अमेठी",0,0,26.207707,81.685985
"गौरीगंज अमेठी",0,0,26.207707,81.685985
"गौरीगंज अमेठी",1,0,26.207707,81.685985
"गौरीगंज अमेठी",0,0,26.207707,81.685985
"गौरीगंज अमेठी",0,0,26.207707,81.685985
"गौरीगंज अमेठी",0,0,26.207707,81.685985
"गौरीगंज अमेठी",0,0,26.207707,81.685985
"गौरीगंज अमेठी",0,0,26.207707,81.685985
"गौरीगंज अमेठी",0,0,26.207707,81.685985
"गौरीगंज अमेठी",1,0,26.207707,81.685985
"गौरीगंज अमेठी",0,0,26.207707,81.685985
"गौरीगंज अमेठी",0,0,26.207707,81.685985
"गौरीगंज अमेठी",0,0,26.207707,81.685985
"गौरीगंज अमेठी",0,0,26.207707,81.685985
"गौरीगंज अमेठी",0,0,26.207707,81.685985
"गौरीगंज अमेठी",0,0,26.207707,81.685985
"गौरीगंज अमेठी",0,0,26.207707,81.685985
"जगदीशपुर अमेठी",0,0,26.459162,81.625436
"जगदीशपुर अमेठी",0,0,26.459162,81.625436
"जगदीशपुर अमेठी",0,0,26.459162,81.625436
"जगदीशपुर अमेठी",0,0,26.459162,81.625436
"जगदीशपुर अमेठी",1,0,26.459162,81.625436
"जगदीशपुर अमेठी",0,0,26.459162,81.625436
"जगदीशपुर अमेठी",0,0,26.459162,81.625436
"जगदीशपुर अमेठी",0,0,26.459162,81.625436
"जगदीशपुर अमेठी",0,0,26.459162,81.625436
"जगदीशपुर अमेठी",0,0,26.459162,81.625436
"जगदीशपुर अमेठी",0,0,26.459162,81.625436
"जगदीशपुर अमेठी",0,0,26.459162,81.625436
"जगदीशपुर अमेठी",0,0,26.459162,81.625436
"जगदीशपुर अमेठी",0,0,26.459162,81.625436
"जगदीशपुर अमेठी",1,0,26.459162,81.625436
"जगदीशपुर अमेठी",0,0,26.459162,81.625436
"जगदीशपुर अमेठी",0,0,26.459162,81.625436
"जगदीशपुर अमेठी",0,0,26.459162,81.625436
"जामो अमेठी",0,0,26.369148,81.66495
"जामो अमेठी",0,0,26.369148,81.66495
"जामो अमेठी",0,0,26.369148,81.66495
"जामो अमेठी",1,0,26.369148,81.66495
"जामो अमेठी",1,0,26.369148,81.66495
"जामो अमेठी",0,0,26.369148,81.66495
"जामो अमेठी",1,0,26.369148,81.66495
"जामो अमेठी",0,0,26.369148,81.66495
"जामो अमेठी",1,0,26.369148,81.66495
"जामो अमेठी",0,0,26.369148,81.66495
"जामो अमेठी",0,0,26.369148,81.66495
"जामो अमेठी",0,0,26.369148,81.66495
"जामो अमेठी",0,0,26.369148,81.66495
"जामो अमेठी",0,0,26.369148,81.66495
"जामो अमेठी",0,0,26.369148,81.66495
"जामो अमेठी",0,0,26.369148,81.66495
"जामो अमेठी",0,0,26.369148,81.66495
"जामो अमेठी",0,0,26.369148,81.66495
"जामो अमेठी",0,0,26.369148,81.66495
"जामो अमेठी",0,0,26.369148,81.66495
"जामो अमेठी",0,0,26.369148,81.66495
"जामो अमेठी",0,0,26.369148,81.66495
"जामो अमेठी",0,0,26.369148,81.66495
"जामो अमेठी",0,0,26.369148,81.66495
"जामो अमेठी",0,0,26.369148,81.66495
"जामो अमेठी",0,0,26.369148,81.66495
"जामो अमेठी",0,0,26.369148,81.66495
"जायस अमेठी",0,0,26.265691,81.547509
"जायस अमेठी",0,0,26.265691,81.547509
"जायस अमेठी",0,0,26.265691,81.547509
"जायस अमेठी",0,0,26.265691,81.547509
"जायस अमेठी",0,0,26.265691,81.547509
"जायस अमेठी",0,0,26.265691,81.547509
"जायस अमेठी",0,0,26.265691,81.547509
"जायस अमेठी",0,0,26.265691,81.547509
"जायस अमेठी",0,0,26.265691,81.547509
"जायस अमेठी",1,0,26.265691,81.547509
"जायस अमेठी",0,0,26.265691,81.547509
"जायस अमेठी",1,0,26.265691,81.547509
"जायस अमेठी",0,0,26.265691,81.547509
"जायस अमेठी",0,0,26.265691,81.547509
"जायस अमेठी",0,0,26.265691,81.547509
"जायस अमेठी",0,0,26.265691,81.547509
"जायस अमेठी",0,0,26.265691,81.547509
"जायस अमेठी",0,0,26.265691,81.547509
"जायस अमेठी",0,0,26.265691,81.547509
"पीपरपुर अमेठी",0,0,26.21655,81.883022
"पीपरपुर अमेठी",0,0,26.21655,81.883022
"पीपरपुर अमेठी",0,0,26.21655,81.883022
"पीपरपुर अमेठी",0,0,26.21655,81.883022
"पीपरपुर अमेठी",0,0,26.21655,81.883022
"पीपरपुर अमेठी",0,0,26.21655,81.883022
"पीपरपुर अमेठी",0,0,26.21655,81.883022
"पीपरपुर अमेठी",0,0,26.21655,81.883022
"पीपरपुर अमेठी",1,0,26.21655,81.883022
"पीपरपुर अमेठी",0,0,26.21655,81.883022
"पीपरपुर अमेठी",0,0,26.21655,81.883022
"पीपरपुर अमेठी",0,0,26.21655,81.883022
"पीपरपुर अमेठी",0,0,26.21655,81.883022
"पीपरपुर अमेठी",0,0,26.21655,81.883022
"पीपरपुर अमेठी",0,0,26.21655,81.883022
"पीपरपुर अमेठी",0,0,26.21655,81.883022
"पीपरपुर अमेठी",0,0,26.21655,81.883022
"पीपरपुर अमेठी",0,0,26.21655,81.883022
"पीपरपुर अमेठी",0,0,26.21655,81.883022
"पीपरपुर अमेठी",0,0,26.21655,81.883022
"पीपरपुर अमेठी",0,0,26.21655,81.883022
"पीपरपुर अमेठी",0,0,26.21655,81.883022
"फुरसतगंज अमेठी",0,0,26.252082,81.379874
"फुरसतगंज अमेठी",1,0,26.252082,81.379874
"फुरसतगंज अमेठी",0,0,26.252082,81.379874
"फुरसतगंज अमेठी",0,0,26.252082,81.379874
"फुरसतगंज अमेठी",0,0,26.252082,81.379874
"फुरसतगंज अमेठी",0,0,26.252082,81.379874
"फुरसतगंज अमेठी",0,0,26.252082,81.379874
"फुरसतगंज अमेठी",0,0,26.252082,81.379874
"फुरसतगंज अमेठी",0,0,26.252082,81.379874
"फुरसतगंज अमेठी",0,0,26.252082,81.379874
"फुरसतगंज अमेठी",0,0,26.252082,81.379874
"बाजारशुक्ल अमेठी",0,0,26.537945,81.649273
"बाजारशुक्ल अमेठी",1,0,26.537945,81.649273
"बाजारशुक्ल अमेठी",1,0,26.537945,81.649273
"बाजारशुक्ल अमेठी",0,0,26.537945,81.649273
"बाजारशुक्ल अमेठी",0,0,26.537945,81.649273
"बाजारशुक्ल अमेठी",0,0,26.537945,81.649273
"बाजारशुक्ल अमेठी",0,0,26.537945,81.649273
"बाजारशुक्ल अमेठी",0,0,26.537945,81.649273
"बाजारशुक्ल अमेठी",0,0,26.537945,81.649273
"बाजारशुक्ल अमेठी",0,0,26.537945,81.649273
"बाजारशुक्ल अमेठी",0,0,26.537945,81.649273
"बाजारशुक्ल अमेठी",0,0,26.537945,81.649273
"बाजारशुक्ल अमेठी",0,0,26.537945,81.649273
"बाजारशुक्ल अमेठी",0,0,26.537945,81.649273
"बाजारशुक्ल अमेठी",1,0,26.537945,81.649273
"बाजारशुक्ल अमेठी",0,0,26.537945,81.649273
"बाजारशुक्ल अमेठी",1,0,26.537945,81.649273
"बाजारशुक्ल अमेठी",0,0,26.537945,81.649273
"बाजारशुक्ल अमेठी",0,0,26.537945,81.649273
"बाजारशुक्ल अमेठी",0,0,26.537945,81.649273
"बाजारशुक्ल अमेठी",1,0,26.537945,81.649273
"बाजारशुक्ल अमेठी",0,0,26.537945,81.649273
"बाजारशुक्ल अमेठी",0,0,26.537945,81.649273
"बाजारशुक्ल अमेठी",0,0,26.537945,81.649273
"बाजारशुक्ल अमेठी",1,0,26.537945,81.649273
"बाजारशुक्ल अमेठी",1,0,26.537945,81.649273
"मुंशीगंज अमेठी",1,0,26.205012,81.804705
"मुंशीगंज अमेठी",0,0,26.205012,81.804705
"मुंशीगंज अमेठी",0,0,26.205012,81.804705
"मुंशीगंज अमेठी",0,0,26.205012,81.804705
"मुंशीगंज अमेठी",0,0,26.205012,81.804705
"मुंशीगंज अमेठी",0,0,26.205012,81.804705
"मुंशीगंज अमेठी",0,0,26.205012,81.804705
"मुंशीगंज अमेठी",0,0,26.205012,81.804705
"मुंशीगंज अमेठी",0,0,26.205012,81.804705
"मुंशीगंज अमेठी",0,0,26.205012,81.804705
"मुंशीगंज अमेठी",1,0,26.205012,81.804705
"मुंशीगंज अमेठी",0,0,26.205012,81.804705
"मुंशीगंज अमेठी",0,0,26.205012,81.804705
"मुसाफिरखाना अमेठी",1,0,26.374468,81.801962
"मुसाफिरखाना अमेठी",0,0,26.374468,81.801962
"मुसाफिरखाना अमेठी",0,0,26.374468,81.801962
"मुसाफिरखाना अमेठी",0,0,26.374468,81.801962
"मुसाफिरखाना अमेठी",0,0,26.374468,81.801962
"मुसाफिरखाना अमेठी",0,0,26.374468,81.801962
"मुसाफिरखाना अमेठी",0,0,26.374468,81.801962
"मुसाफिरखाना अमेठी",0,0,26.374468,81.801962
"मुसाफिरखाना अमेठी",0,0,26.374468,81.801962
"मुसाफिरखाना अमेठी",0,0,26.374468,81.801962
"मुसाफिरखाना अमेठी",0,0,26.374468,81.801962
"मुसाफिरखाना अमेठी",0,0,26.374468,81.801962
"मुसाफिरखाना अमेठी",0,0,26.374468,81.801962
"मुसाफिरखाना अमेठी",0,0,26.374468,81.801962
"मोहनगंज अमेठी",1,0,26.370532,81.477517
"मोहनगंज अमेठी",0,0,26.370532,81.477517
"मोहनगंज अमेठी",0,0,26.370532,81.477517
"मोहनगंज अमेठी",0,0,26.370532,81.477517
"मोहनगंज अमेठी",0,0,26.370532,81.477517
"मोहनगंज अमेठी",0,0,26.370532,81.477517
"मोहनगंज अमेठी",0,0,26.370532,81.477517
"मोहनगंज अमेठी",0,0,26.370532,81.477517
"मोहनगंज अमेठी",0,0,26.370532,81.477517
"मोहनगंज अमेठी",0,0,26.370532,81.477517
"मोहनगंज अमेठी",1,0,26.370532,81.477517
"मोहनगंज अमेठी",1,0,26.370532,81.477517
"मोहनगंज अमेठी",0,0,26.370532,81.477517
"मोहनगंज अमेठी",1,0,26.370532,81.477517
"मोहनगंज अमेठी",0,0,26.370532,81.477517
"मोहनगंज अमेठी",0,0,26.370532,81.477517
"मोहनगंज अमेठी",0,0,26.370532,81.477517
"मोहनगंज अमेठी",1,0,26.370532,81.477517
"मोहनगंज अमेठी",0,0,26.370532,81.477517
"मोहनगंज अमेठी",0,0,26.370532,81.477517
"मोहनगंज अमेठी",0,0,26.370532,81.477517
"मोहनगंज अमेठी",0,0,26.370532,81.477517
"मोहनगंज अमेठी",0,0,26.370532,81.477517
"मोहनगंज अमेठी",0,0,26.370532,81.477517
"मोहनगंज अमेठी",0,0,26.370532,81.477517
"मोहनगंज अमेठी",1,0,26.370532,81.477517
"मोहनगंज अमेठी",0,0,26.370532,81.477517
"मोहनगंज अमेठी",0,0,26.370532,81.477517
"मोहनगंज अमेठी",0,0,26.370532,81.477517
"मोहनगंज अमेठी",0,0,26.370532,81.477517
"मोहनगंज अमेठी",0,0,26.370532,81.477517
"मोहनगंज अमेठी",0,0,26.370532,81.477517
"मोहनगंज अमेठी",0,0,26.370532,81.477517
"मोहनगंज अमेठी",0,0,26.370532,81.477517
"मोहनगंज अमेठी",0,0,26.370532,81.477517
"मोहनगंज अमेठी",0,0,26.370532,81.477517
"मोहनगंज अमेठी",0,0,26.370532,81.477517
"मोहनगंज अमेठी",0,0,26.370532,81.477517
"मोहनगंज अमेठी",0,0,26.370532,81.477517
"मोहनगंज अमेठी",0,0,26.370532,81.477517
"शिवरतनगंज अमेठी",0,0,26.496899,81.392532
"शिवरतनगंज अमेठी",0,0,26.496899,81.392532
"शिवरतनगंज अमेठी",0,0,26.496899,81.392532
"शिवरतनगंज अमेठी",0,0,26.496899,81.392532
"शिवरतनगंज अमेठी",1,0,26.496899,81.392532
"शिवरतनगंज अमेठी",1,0,26.496899,81.392532
"शिवरतनगंज अमेठी",0,0,26.496899,81.392532
"शिवरतनगंज अमेठी",1,0,26.496899,81.392532
"शिवरतनगंज अमेठी",1,0,26.496899,81.392532
"शिवरतनगंज अमेठी",1,0,26.496899,81.392532
"शिवरतनगंज अमेठी",1,0,26.496899,81.392532
"शिवरतनगंज अमेठी",0,0,26.496899,81.392532
"शिवरतनगंज अमेठी",1,0,26.496899,81.392532
"शिवरतनगंज अमेठी",0,0,26.496899,81.392532
"शिवरतनगंज अमेठी",0,0,26.496899,81.392532
"शिवरतनगंज अमेठी",0,0,26.496899,81.392532
"शिवरतनगंज अमेठी",0,0,26.496899,81.392532
"शिवरतनगंज अमेठी",0,0,26.496899,81.392532
"शिवरतनगंज अमेठी",0,0,26.496899,81.392532
"शिवरतनगंज अमेठी",0,0,26.496899,81.392532
"शिवरतनगंज अमेठी",0,0,26.496899,81.392532
"शिवरतनगंज अमेठी",0,0,26.496899,81.392532
"शिवरतनगंज अमेठी",0,0,26.496899,81.392532
"अकबरपुर अम्बेडकर नगर",0,0,26.429956,82.535519
"अकबरपुर अम्बेडकर नगर",0,0,26.429956,82.535519
"अकबरपुर अम्बेडकर नगर",1,0,26.429956,82.535519
"अकबरपुर अम्बेडकर नगर",0,0,26.429956,82.535519
"अकबरपुर अम्बेडकर नगर",1,0,26.429956,82.535519
"अकबरपुर अम्बेडकर नगर",0,0,26.429956,82.535519
"अकबरपुर अम्बेडकर नगर",0,0,26.429956,82.535519
"अकबरपुर अम्बेडकर नगर",0,0,26.429956,82.535519
"अकबरपुर अम्बेडकर नगर",0,0,26.429956,82.535519
"अकबरपुर अम्बेडकर नगर",0,0,26.429956,82.535519
"अकबरपुर अम्बेडकर नगर",0,0,26.429956,82.535519
"अकबरपुर अम्बेडकर नगर",1,0,26.429956,82.535519
"अकबरपुर अम्बेडकर नगर",0,0,26.429956,82.535519
"अकबरपुर अम्बेडकर नगर",1,0,26.429956,82.535519
"अकबरपुर अम्बेडकर नगर",0,0,26.429956,82.535519
"अकबरपुर अम्बेडकर नगर",0,0,26.429956,82.535519
"अकबरपुर अम्बेडकर नगर",0,0,26.429956,82.535519
"अकबरपुर अम्बेडकर नगर",0,0,26.429956,82.535519
"अकबरपुर अम्बेडकर नगर",1,0,26.429956,82.535519
"अकबरपुर अम्बेडकर नगर",0,0,26.429956,82.535519
"अकबरपुर अम्बेडकर नगर",0,0,26.429956,82.535519
"अकबरपुर अम्बेडकर नगर",0,0,26.429956,82.535519
"अकबरपुर अम्बेडकर नगर",0,0,26.429956,82.535519
"अकबरपुर अम्बेडकर नगर",0,0,26.429956,82.535519
"अकबरपुर अम्बेडकर नगर",0,0,26.429956,82.535519
"अकबरपुर अम्बेडकर नगर",0,0,26.429956,82.535519
"अलीगंज अम्बेडकर नगर",0,0,26.540027,82.573828
"अलीगंज अम्बेडकर नगर",0,0,26.540027,82.573828
"अलीगंज अम्बेडकर नगर",0,0,26.540027,82.573828
"अलीगंज अम्बेडकर नगर",1,0,26.540027,82.573828
"अलीगंज अम्बेडकर नगर",0,0,26.540027,82.573828
"अलीगंज अम्बेडकर नगर",0,0,26.540027,82.573828
"अहिरौली अम्बेडकर नगर",0,0,26.515989,82.308946
"अहिरौली अम्बेडकर नगर",1,0,26.515989,82.308946
"अहिरौली अम्बेडकर नगर",1,0,26.515989,82.308946
"अहिरौली अम्बेडकर नगर",0,0,26.515989,82.308946
"अहिरौली अम्बेडकर नगर",0,0,26.515989,82.308946
"अहिरौली अम्बेडकर नगर",0,0,26.515989,82.308946
"अहिरौली अम्बेडकर नगर",0,0,26.515989,82.308946
"अहिरौली अम्बेडकर नगर",0,0,26.515989,82.308946
"अहिरौली अम्बेडकर नगर",0,0,26.515989,82.308946
"अहिरौली अम्बेडकर नगर",1,0,26.515989,82.308946
"आलापुर अम्बेडकर नगर",0,0,26.419896,82.92577
"आलापुर अम्बेडकर नगर",1,0,26.419896,82.92577
"आलापुर अम्बेडकर नगर",0,0,26.419896,82.92577
"आलापुर अम्बेडकर नगर",0,0,26.419896,82.92577
"आलापुर अम्बेडकर नगर",1,0,26.419896,82.92577
"आलापुर अम्बेडकर नगर",0,0,26.419896,82.92577
"आलापुर अम्बेडकर नगर",0,0,26.419896,82.92577
"आलापुर अम्बेडकर नगर",0,0,26.419896,82.92577
"आलापुर अम्बेडकर नगर",0,0,26.419896,82.92577
"आलापुर अम्बेडकर नगर",0,0,26.419896,82.92577
"इब्राहिमपुर अम्बेडकर नगर",0,0,26.5676,82.554059
"इब्राहिमपुर अम्बेडकर नगर",1,0,26.5676,82.554059
"इब्राहिमपुर अम्बेडकर नगर",0,0,26.5676,82.554059
"इब्राहिमपुर अम्बेडकर नगर",0,0,26.5676,82.554059
"इब्राहिमपुर अम्बेडकर नगर",0,0,26.5676,82.554059
"इब्राहिमपुर अम्बेडकर नगर",0,0,26.5676,82.554059
"इब्राहिमपुर अम्बेडकर नगर",0,0,26.5676,82.554059
"जलालपुर अम्बेडकर नगर",0,0,26.309434,82.735219
"जलालपुर अम्बेडकर नगर",0,0,26.309434,82.735219
"जलालपुर अम्बेडकर नगर",0,0,26.309434,82.735219
"जलालपुर अम्बेडकर नगर",1,0,26.309434,82.735219
"जलालपुर अम्बेडकर नगर",1,0,26.309434,82.735219
"जलालपुर अम्बेडकर नगर",0,0,26.309434,82.735219
"जलालपुर अम्बेडकर नगर",0,0,26.309434,82.735219
"जलालपुर अम्बेडकर नगर",0,0,26.309434,82.735219
"जलालपुर अम्बेडकर नगर",0,0,26.309434,82.735219
"जलालपुर अम्बेडकर नगर",0,0,26.309434,82.735219
"जलालपुर अम्बेडकर नगर",0,0,26.309434,82.735219
"जहाँगीरगंज अम्बेडकर नगर",0,0,26.419609,82.974136
"जहाँगीरगंज अम्बेडकर नगर",0,0,26.419609,82.974136
"जहाँगीरगंज अम्बेडकर नगर",0,0,26.419609,82.974136
"जहाँगीरगंज अम्बेडकर नगर",0,0,26.419609,82.974136
"जहाँगीरगंज अम्बेडकर नगर",0,0,26.419609,82.974136
"जहाँगीरगंज अम्बेडकर नगर",0,0,26.419609,82.974136
"जहाँगीरगंज अम्बेडकर नगर",0,0,26.419609,82.974136
"जहाँगीरगंज अम्बेडकर नगर",0,0,26.419609,82.974136
"जहाँगीरगंज अम्बेडकर नगर",0,0,26.419609,82.974136
"जहाँगीरगंज अम्बेडकर नगर",0,0,26.419609,82.974136
"जहाँगीरगंज अम्बेडकर नगर",0,0,26.419609,82.974136
"जैतपुर अम्बेडकर नगर",0,0,26.219978,82.815314
"जैतपुर अम्बेडकर नगर",0,0,26.219978,82.815314
"जैतपुर अम्बेडकर नगर",0,0,26.219978,82.815314
"जैतपुर अम्बेडकर नगर",0,0,26.219978,82.815314
"जैतपुर अम्बेडकर नगर",0,0,26.219978,82.815314
"जैतपुर अम्बेडकर नगर",0,0,26.219978,82.815314
"जैतपुर अम्बेडकर नगर",0,0,26.219978,82.815314
"जैतपुर अम्बेडकर नगर",0,0,26.219978,82.815314
"जैतपुर अम्बेडकर नगर",0,0,26.219978,82.815314
"जैतपुर अम्बेडकर नगर",0,0,26.219978,82.815314
"जैतपुर अम्बेडकर नगर",0,0,26.219978,82.815314
"जैतपुर अम्बेडकर नगर",1,0,26.219978,82.815314
"जैतपुर अम्बेडकर नगर",0,0,26.219978,82.815314
"टाण्डा अम्बेडकर नगर",0,0,26.541247,82.662805
"टाण्डा अम्बेडकर नगर",1,0,26.541247,82.662805
"टाण्डा अम्बेडकर नगर",0,0,26.541247,82.662805
"टाण्डा अम्बेडकर नगर",0,0,26.541247,82.662805
"टाण्डा अम्बेडकर नगर",0,0,26.541247,82.662805
"टाण्डा अम्बेडकर नगर",0,0,26.541247,82.662805
"टाण्डा अम्बेडकर नगर",0,0,26.541247,82.662805
"बसखारी अम्बेडकर नगर",0,0,26.453456,82.781639
"बसखारी अम्बेडकर नगर",1,0,26.453456,82.781639
"बसखारी अम्बेडकर नगर",0,0,26.453456,82.781639
"बसखारी अम्बेडकर नगर",0,0,26.453456,82.781639
"बसखारी अम्बेडकर नगर",0,0,26.453456,82.781639
"बसखारी अम्बेडकर नगर",0,0,26.453456,82.781639
"बसखारी अम्बेडकर नगर",0,0,26.453456,82.781639
"बसखारी अम्बेडकर नगर",0,0,26.453456,82.781639
"बसखारी अम्बेडकर नगर",0,0,26.453456,82.781639
"बसखारी अम्बेडकर नगर",1,0,26.453456,82.781639
"बसखारी अम्बेडकर नगर",0,0,26.453456,82.781639
"बसखारी अम्बेडकर नगर",0,0,26.453456,82.781639
"बसखारी अम्बेडकर नगर",0,0,26.453456,82.781639
"बेवाना अम्बेडकर नगर",0,0,26.310437,82.49202
"बेवाना अम्बेडकर नगर",0,0,26.310437,82.49202
"बेवाना अम्बेडकर नगर",0,0,26.310437,82.49202
"बेवाना अम्बेडकर नगर",0,0,26.310437,82.49202
"भीटी अम्बेडकर नगर",0,0,26.591714,82.568184
"भीटी अम्बेडकर नगर",0,0,26.591714,82.568184
"भीटी अम्बेडकर नगर",0,0,26.591714,82.568184
"महरुआ अम्बेडकर नगर",0,0,26.383969,82.383642
"महरुआ अम्बेडकर नगर",0,0,26.383969,82.383642
"महरुआ अम्बेडकर नगर",0,0,26.383969,82.383642
"महरुआ अम्बेडकर नगर",0,0,26.383969,82.383642
"महरुआ अम्बेडकर नगर",0,0,26.383969,82.383642
"महरुआ अम्बेडकर नगर",0,0,26.383969,82.383642
"महरुआ अम्बेडकर नगर",0,0,26.383969,82.383642
"महरुआ अम्बेडकर नगर",0,0,26.383969,82.383642
"महिला थाना अम्बेडकर नगर",1,1,26.441248,82.550465
"महिला थाना अम्बेडकर नगर",1,1,26.441248,82.550465
"महिला थाना अम्बेडकर नगर",1,1,26.441248,82.550465
"महिला थाना अम्बेडकर नगर",1,1,26.441248,82.550465
"महिला थाना अम्बेडकर नगर",1,1,26.441248,82.550465
"महिला थाना अम्बेडकर नगर",1,1,26.441248,82.550465
"महिला थाना अम्बेडकर नगर",1,1,26.441248,82.550465
"महिला थाना अम्बेडकर नगर",1,1,26.441248,82.550465
"महिला थाना अम्बेडकर नगर",1,1,26.441248,82.550465
"महिला थाना अम्बेडकर नगर",1,1,26.441248,82.550465
"महिला थाना अम्बेडकर नगर",1,1,26.441248,82.550465
"महिला थाना अम्बेडकर नगर",1,1,26.441248,82.550465
"महिला थाना अम्बेडकर नगर",1,1,26.441248,82.550465
"महिला थाना अम्बेडकर नगर",1,1,26.441248,82.550465
"महिला थाना अम्बेडकर नगर",1,1,26.441248,82.550465
"महिला थाना अम्बेडकर नगर",1,1,26.441248,82.550465
"महिला थाना अम्बेडकर नगर",1,1,26.441248,82.550465
"महिला थाना अम्बेडकर नगर",1,1,26.441248,82.550465
"महिला थाना अम्बेडकर नगर",1,1,26.441248,82.550465
"महिला थाना अम्बेडकर नगर",1,1,26.441248,82.550465
"महिला थाना अम्बेडकर नगर",1,1,26.441248,82.550465
"महिला थाना अम्बेडकर नगर",1,1,26.441248,82.550465
"महिला थाना अम्बेडकर नगर",1,1,26.441248,82.550465
"महिला थाना अम्बेडकर नगर",1,1,26.441248,82.550465
"महिला थाना अम्बेडकर नगर",1,1,26.441248,82.550465
"महिला थाना अम्बेडकर नगर",1,1,26.441248,82.550465
"महिला थाना अम्बेडकर नगर",1,1,26.441248,82.550465
"महिला थाना अम्बेडकर नगर",1,1,26.441248,82.550465
"महिला थाना अम्बेडकर नगर",1,1,26.441248,82.550465
"महिला थाना अम्बेडकर नगर",1,1,26.441248,82.550465
"महिला थाना अम्बेडकर नगर",1,1,26.441248,82.550465
"महिला थाना अम्बेडकर नगर",1,1,26.441248,82.550465
"महिला थाना अम्बेडकर नगर",1,1,26.441248,82.550465
"महिला थाना अम्बेडकर नगर",1,1,26.441248,82.550465
"महिला थाना अम्बेडकर नगर",0,1,26.441248,82.550465
"महिला थाना अम्बेडकर नगर",1,1,26.441248,82.550465
"महिला थाना अम्बेडकर नगर",1,1,26.441248,82.550465
"महिला थाना अम्बेडकर नगर",1,1,26.441248,82.550465
"महिला थाना अम्बेडकर नगर",1,1,26.441248,82.550465
"महिला थाना अम्बेडकर नगर",1,1,26.441248,82.550465
"महिला थाना अम्बेडकर नगर",1,1,26.441248,82.550465
"महिला थाना अम्बेडकर नगर",1,1,26.441248,82.550465
"महिला थाना अम्बेडकर नगर",1,1,26.441248,82.550465
"मालीपुर अम्बेडकर नगर",0,0,26.28331,82.649659
"मालीपुर अम्बेडकर नगर",1,0,26.28331,82.649659
"मालीपुर अम्बेडकर नगर",0,0,26.28331,82.649659
"मालीपुर अम्बेडकर नगर",0,0,26.28331,82.649659
"मालीपुर अम्बेडकर नगर",0,0,26.28331,82.649659
"मालीपुर अम्बेडकर नगर",0,0,26.28331,82.649659
"राजेसुल्तानपुर अम्बेडकर नगर",0,0,26.303548,83.078865
"राजेसुल्तानपुर अम्बेडकर नगर",0,0,26.303548,83.078865
"राजेसुल्तानपुर अम्बेडकर नगर",0,0,26.303548,83.078865
"सम्मनपुर अम्बेडकर नगर",1,0,26.397453,82.683443
"सम्मनपुर अम्बेडकर नगर",0,0,26.397453,82.683443
"सम्मनपुर अम्बेडकर नगर",0,0,26.397453,82.683443
"हंसवर अम्बेडकर नगर",0,0,26.511805,82.824082
"हंसवर अम्बेडकर नगर",1,0,26.511805,82.824082
"हंसवर अम्बेडकर नगर",1,0,26.511805,82.824082
"हंसवर अम्बेडकर नगर",0,0,26.511805,82.824082
"हंसवर अम्बेडकर नगर",0,0,26.511805,82.824082
"हंसवर अम्बेडकर नगर",0,0,26.511805,82.824082
"हंसवर अम्बेडकर नगर",0,0,26.511805,82.824082
"हंसवर अम्बेडकर नगर",0,0,26.511805,82.824082
"हंसवर अम्बेडकर नगर",0,0,26.511805,82.824082
"हंसवर अम्बेडकर नगर",1,0,26.511805,82.824082
"हंसवर अम्बेडकर नगर",1,0,26.511805,82.824082
"हंसवर अम्बेडकर नगर",1,0,26.511805,82.824082
"हंसवर अम्बेडकर नगर",0,0,26.511805,82.824082
"हंसवर अम्बेडकर नगर",1,0,26.511805,82.824082
"हंसवर अम्बेडकर नगर",0,0,26.511805,82.824082
"हंसवर अम्बेडकर नगर",0,0,26.511805,82.824082
"हंसवर अम्बेडकर नगर",0,0,26.511805,82.824082
"हंसवर अम्बेडकर नगर",1,0,26.511805,82.824082
"अकराबाद अलीगढ़",0,0,27.80654,78.271038
"अकराबाद अलीगढ़",1,0,27.80654,78.271038
"अकराबाद अलीगढ़",0,0,27.80654,78.271038
"अकराबाद अलीगढ़",0,0,27.80654,78.271038
"अकराबाद अलीगढ़",1,0,27.80654,78.271038
"अकराबाद अलीगढ़",0,0,27.80654,78.271038
"अकराबाद अलीगढ़",1,0,27.80654,78.271038
"अकराबाद अलीगढ़",1,0,27.80654,78.271038
"अकराबाद अलीगढ़",0,0,27.80654,78.271038
"अकराबाद अलीगढ़",1,0,27.80654,78.271038
"अकराबाद अलीगढ़",0,0,27.80654,78.271038
"अकराबाद अलीगढ़",0,0,27.80654,78.271038
"अकराबाद अलीगढ़",1,0,27.80654,78.271038
"अकराबाद अलीगढ़",0,0,27.80654,78.271038
"अकराबाद अलीगढ़",1,0,27.80654,78.271038
"अकराबाद अलीगढ़",1,0,27.80654,78.271038
"अकराबाद अलीगढ़",1,0,27.80654,78.271038
"अकराबाद अलीगढ़",1,0,27.80654,78.271038
"अकराबाद अलीगढ़",0,0,27.80654,78.271038
"अकराबाद अलीगढ़",0,0,27.80654,78.271038
"अकराबाद अलीगढ़",0,0,27.80654,78.271038
"अतरौली अलीगढ़",0,0,28.032493,78.285205
"अतरौली अलीगढ़",0,0,28.032493,78.285205
"अतरौली अलीगढ़",1,0,28.032493,78.285205
"अतरौली अलीगढ़",0,0,28.032493,78.285205
"अतरौली अलीगढ़",0,0,28.032493,78.285205
"अतरौली अलीगढ़",0,0,28.032493,78.285205
"अतरौली अलीगढ़",0,0,28.032493,78.285205
"अतरौली अलीगढ़",0,0,28.032493,78.285205
"अतरौली अलीगढ़",1,0,28.032493,78.285205
"अतरौली अलीगढ़",0,0,28.032493,78.285205
"अतरौली अलीगढ़",0,0,28.032493,78.285205
"अतरौली अलीगढ़",0,0,28.032493,78.285205
"अतरौली अलीगढ़",0,0,28.032493,78.285205
"अतरौली अलीगढ़",0,0,28.032493,78.285205
"अतरौली अलीगढ़",0,0,28.032493,78.285205
"अतरौली अलीगढ़",1,0,28.032493,78.285205
"अतरौली अलीगढ़",0,0,28.032493,78.285205
"अतरौली अलीगढ़",0,0,28.032493,78.285205
"अतरौली अलीगढ़",0,0,28.032493,78.285205
"अतरौली अलीगढ़",0,0,28.032493,78.285205
"अतरौली अलीगढ़",0,0,28.032493,78.285205
"अतरौली अलीगढ़",1,0,28.032493,78.285205
"अतरौली अलीगढ़",0,0,28.032493,78.285205
"अतरौली अलीगढ़",0,0,28.032493,78.285205
"अतरौली अलीगढ़",0,0,28.032493,78.285205
"अतरौली अलीगढ़",0,0,28.032493,78.285205
"अतरौली अलीगढ़",0,0,28.032493,78.285205
"अतरौली अलीगढ़",0,0,28.032493,78.285205
"अतरौली अलीगढ़",0,0,28.032493,78.285205
"अतरौली अलीगढ़",0,0,28.032493,78.285205
"अतरौली अलीगढ़",1,0,28.032493,78.285205
"अतरौली अलीगढ़",0,0,28.032493,78.285205
"अतरौली अलीगढ़",0,0,28.032493,78.285205
"अतरौली अलीगढ़",0,0,28.032493,78.285205
"अतरौली अलीगढ़",1,0,28.032493,78.285205
"अतरौली अलीगढ़",0,0,28.032493,78.285205
"अतरौली अलीगढ़",0,0,28.032493,78.285205
"अतरौली अलीगढ़",0,0,28.032493,78.285205
"अतरौली अलीगढ़",0,0,28.032493,78.285205
"अतरौली अलीगढ़",0,0,28.032493,78.285205
"अतरौली अलीगढ़",1,0,28.032493,78.285205
"अतरौली अलीगढ़",0,0,28.032493,78.285205
"अतरौली अलीगढ़",0,0,28.032493,78.285205
"अतरौली अलीगढ़",0,0,28.032493,78.285205
"अतरौली अलीगढ़",0,0,28.032493,78.285205
"अतरौली अलीगढ़",0,0,28.032493,78.285205
"अतरौली अलीगढ़",0,0,28.032493,78.285205
"अतरौली अलीगढ़",0,0,28.032493,78.285205
"अतरौली अलीगढ़",0,0,28.032493,78.285205
"अतरौली अलीगढ़",0,0,28.032493,78.285205
"अतरौली अलीगढ़",0,0,28.032493,78.285205
"अतरौली अलीगढ़",0,0,28.032493,78.285205
"अतरौली अलीगढ़",0,0,28.032493,78.285205
"अतरौली अलीगढ़",0,0,28.032493,78.285205
"अतरौली अलीगढ़",1,0,28.032493,78.285205
"अतरौली अलीगढ़",0,0,28.032493,78.285205
"इगलास अलीगढ़",0,0,27.709214,77.935681
"इगलास अलीगढ़",0,0,27.709214,77.935681
"इगलास अलीगढ़",0,0,27.709214,77.935681
"इगलास अलीगढ़",1,0,27.709214,77.935681
"इगलास अलीगढ़",0,0,27.709214,77.935681
"इगलास अलीगढ़",0,0,27.709214,77.935681
"इगलास अलीगढ़",1,0,27.709214,77.935681
"इगलास अलीगढ़",1,0,27.709214,77.935681
"इगलास अलीगढ़",1,0,27.709214,77.935681
"इगलास अलीगढ़",1,0,27.709214,77.935681
"इगलास अलीगढ़",1,0,27.709214,77.935681
"इगलास अलीगढ़",0,0,27.709214,77.935681
"इगलास अलीगढ़",0,0,27.709214,77.935681
"इगलास अलीगढ़",1,0,27.709214,77.935681
"इगलास अलीगढ़",0,0,27.709214,77.935681
"इगलास अलीगढ़",1,0,27.709214,77.935681
"इगलास अलीगढ़",0,0,27.709214,77.935681
"कोतवाली नगर अलीगढ़",0,0,27.879675,78.067085
"कोतवाली नगर अलीगढ़",1,0,27.879675,78.067085
"कोतवाली नगर अलीगढ़",1,0,27.879675,78.067085
"कोतवाली नगर अलीगढ़",1,0,27.879675,78.067085
"कोतवाली नगर अलीगढ़",0,0,27.879675,78.067085
"कोतवाली नगर अलीगढ़",0,0,27.879675,78.067085
"कोतवाली नगर अलीगढ़",0,0,27.879675,78.067085
"कोतवाली नगर अलीगढ़",1,0,27.879675,78.067085
"कोतवाली नगर अलीगढ़",0,0,27.879675,78.067085
"कोतवाली नगर अलीगढ़",0,0,27.879675,78.067085
"कोतवाली नगर अलीगढ़",0,0,27.879675,78.067085
"कोतवाली नगर अलीगढ़",0,0,27.879675,78.067085
"कोतवाली नगर अलीगढ़",0,0,27.879675,78.067085
"कोतवाली नगर अलीगढ़",0,0,27.879675,78.067085
"कोतवाली नगर अलीगढ़",1,0,27.879675,78.067085
"कोतवाली नगर अलीगढ़",0,0,27.879675,78.067085
"कोतवाली नगर अलीगढ़",1,0,27.879675,78.067085
"कोतवाली नगर अलीगढ़",0,0,27.879675,78.067085
"कोतवाली नगर अलीगढ़",0,0,27.879675,78.067085
"कोतवाली नगर अलीगढ़",1,0,27.879675,78.067085
"क्वार्सी अलीगढ़",0,0,27.906875,78.106323
"क्वार्सी अलीगढ़",1,0,27.906875,78.106323
"क्वार्सी अलीगढ़",1,0,27.906875,78.106323
"क्वार्सी अलीगढ़",1,0,27.906875,78.106323
"क्वार्सी अलीगढ़",0,0,27.906875,78.106323
"क्वार्सी अलीगढ़",0,0,27.906875,78.106323
"क्वार्सी अलीगढ़",0,0,27.906875,78.106323
"क्वार्सी अलीगढ़",0,0,27.906875,78.106323
"क्वार्सी अलीगढ़",0,0,27.906875,78.106323
"क्वार्सी अलीगढ़",0,0,27.906875,78.106323
"क्वार्सी अलीगढ़",0,0,27.906875,78.106323
"क्वार्सी अलीगढ़",1,0,27.906875,78.106323
"क्वार्सी अलीगढ़",0,0,27.906875,78.106323
"क्वार्सी अलीगढ़",0,0,27.906875,78.106323
"क्वार्सी अलीगढ़",0,0,27.906875,78.106323
"क्वार्सी अलीगढ़",0,0,27.906875,78.106323
"क्वार्सी अलीगढ़",1,0,27.906875,78.106323
"क्वार्सी अलीगढ़",0,0,27.906875,78.106323
"क्वार्सी अलीगढ़",1,0,27.906875,78.106323
"क्वार्सी अलीगढ़",1,0,27.906875,78.106323
"क्वार्सी अलीगढ़",1,0,27.906875,78.106323
"क्वार्सी अलीगढ़",1,0,27.906875,78.106323
"क्वार्सी अलीगढ़",0,0,27.906875,78.106323
"क्वार्सी अलीगढ़",0,0,27.906875,78.106323
"क्वार्सी अलीगढ़",0,0,27.906875,78.106323
"क्वार्सी अलीगढ़",0,0,27.906875,78.106323
"क्वार्सी अलीगढ़",0,0,27.906875,78.106323
"क्वार्सी अलीगढ़",1,0,27.906875,78.106323
"क्वार्सी अलीगढ़",0,0,27.906875,78.106323
"क्वार्सी अलीगढ़",0,0,27.906875,78.106323
"क्वार्सी अलीगढ़",0,0,27.906875,78.106323
"क्वार्सी अलीगढ़",1,0,27.906875,78.106323
"क्वार्सी अलीगढ़",1,0,27.906875,78.106323
"क्वार्सी अलीगढ़",1,0,27.906875,78.106323
"क्वार्सी अलीगढ़",0,0,27.906875,78.106323
"क्वार्सी अलीगढ़",0,0,27.906875,78.106323
"क्वार्सी अलीगढ़",1,0,27.906875,78.106323
"क्वार्सी अलीगढ़",0,0,27.906875,78.106323
"क्वार्सी अलीगढ़",1,0,27.906875,78.106323
"क्वार्सी अलीगढ़",0,0,27.906875,78.106323
"क्वार्सी अलीगढ़",0,0,27.906875,78.106323
"क्वार्सी अलीगढ़",0,0,27.906875,78.106323
"क्वार्सी अलीगढ़",0,0,27.906875,78.106323
"क्वार्सी अलीगढ़",0,0,27.906875,78.106323
"क्वार्सी अलीगढ़",1,0,27.906875,78.106323
"खैर अलीगढ़",0,0,27.940843,77.842866
"खैर अलीगढ़",0,0,27.940843,77.842866
"खैर अलीगढ़",0,0,27.940843,77.842866
"खैर अलीगढ़",0,0,27.940843,77.842866
"खैर अलीगढ़",1,0,27.940843,77.842866
"खैर अलीगढ़",0,0,27.940843,77.842866
"खैर अलीगढ़",0,0,27.940843,77.842866
"खैर अलीगढ़",1,0,27.940843,77.842866
"खैर अलीगढ़",0,0,27.940843,77.842866
"खैर अलीगढ़",0,0,27.940843,77.842866
"खैर अलीगढ़",0,0,27.940843,77.842866
"खैर अलीगढ़",0,0,27.940843,77.842866
"खैर अलीगढ़",0,0,27.940843,77.842866
"खैर अलीगढ़",1,0,27.940843,77.842866
"खैर अलीगढ़",0,0,27.940843,77.842866
"खैर अलीगढ़",0,0,27.940843,77.842866
"खैर अलीगढ़",0,0,27.940843,77.842866
"खैर अलीगढ़",0,0,27.940843,77.842866
"खैर अलीगढ़",0,0,27.940843,77.842866
"खैर अलीगढ़",0,0,27.940843,77.842866
"खैर अलीगढ़",0,0,27.940843,77.842866
"खैर अलीगढ़",0,0,27.940843,77.842866
"खैर अलीगढ़",0,0,27.940843,77.842866
"खैर अलीगढ़",1,0,27.940843,77.842866
"खैर अलीगढ़",0,0,27.940843,77.842866
"खैर अलीगढ़",1,0,27.940843,77.842866
"खैर अलीगढ़",0,0,27.940843,77.842866
"खैर अलीगढ़",1,0,27.940843,77.842866
"खैर अलीगढ़",1,0,27.940843,77.842866
"खैर अलीगढ़",0,0,27.940843,77.842866
"खैर अलीगढ़",1,0,27.940843,77.842866
"खैर अलीगढ़",0,0,27.940843,77.842866
"खैर अलीगढ़",0,0,27.940843,77.842866
"खैर अलीगढ़",0,0,27.940843,77.842866
"गंगीरी अलीगढ़",0,0,27.850991,78.457017
"गभाना अलीगढ़",1,0,28.049238,77.963018
"गभाना अलीगढ़",0,0,28.049238,77.963018
"गभाना अलीगढ़",0,0,28.049238,77.963018
"गभाना अलीगढ़",0,0,28.049238,77.963018
"गभाना अलीगढ़",0,0,28.049238,77.963018
"गांधी पार्क अलीगढ़",1,0,27.886538,78.074067
"गांधी पार्क अलीगढ़",0,0,27.886538,78.074067
"गांधी पार्क अलीगढ़",0,0,27.886538,78.074067
"गांधी पार्क अलीगढ़",0,0,27.886538,78.074067
"गांधी पार्क अलीगढ़",0,0,27.886538,78.074067
"गांधी पार्क अलीगढ़",0,0,27.886538,78.074067
"गांधी पार्क अलीगढ़",0,0,27.886538,78.074067
"गांधी पार्क अलीगढ़",0,0,27.886538,78.074067
"गांधी पार्क अलीगढ़",0,0,27.886538,78.074067
"गांधी पार्क अलीगढ़",0,0,27.886538,78.074067
"गांधी पार्क अलीगढ़",0,0,27.886538,78.074067
"गांधी पार्क अलीगढ़",0,0,27.886538,78.074067
"गांधी पार्क अलीगढ़",0,0,27.886538,78.074067
"गांधी पार्क अलीगढ़",0,0,27.886538,78.074067
"गांधी पार्क अलीगढ़",0,0,27.886538,78.074067
"गांधी पार्क अलीगढ़",0,0,27.886538,78.074067
"गांधी पार्क अलीगढ़",1,0,27.886538,78.074067
"गौंडा अलीगढ़",0,0,27.832283,77.879726
"गौंडा अलीगढ़",0,0,27.832283,77.879726
"गौंडा अलीगढ़",0,0,27.832283,77.879726
"गौंडा अलीगढ़",0,0,27.832283,77.879726
"गौंडा अलीगढ़",0,0,27.832283,77.879726
"गौंडा अलीगढ़",1,0,27.832283,77.879726
"गौंडा अलीगढ़",1,0,27.832283,77.879726
"गौंडा अलीगढ़",0,0,27.832283,77.879726
"गौंडा अलीगढ़",1,0,27.832283,77.879726
"गौंडा अलीगढ़",1,0,27.832283,77.879726
"गौंडा अलीगढ़",0,0,27.832283,77.879726
"गौंडा अलीगढ़",0,0,27.832283,77.879726
"गौंडा अलीगढ़",1,0,27.832283,77.879726
"गौंडा अलीगढ़",0,0,27.832283,77.879726
"गौंडा अलीगढ़",0,0,27.832283,77.879726
"गौंडा अलीगढ़",1,0,27.832283,77.879726
"गौंडा अलीगढ़",0,0,27.832283,77.879726
"गौंडा अलीगढ़",0,0,27.832283,77.879726
"गौंडा अलीगढ़",1,0,27.832283,77.879726
"गौंडा अलीगढ़",0,0,27.832283,77.879726
"गौंडा अलीगढ़",0,0,27.832283,77.879726
"गौंडा अलीगढ़",0,0,27.832283,77.879726
"गौंडा अलीगढ़",0,0,27.832283,77.879726
"गौंडा अलीगढ़",1,0,27.832283,77.879726
"गौंडा अलीगढ़",0,0,27.832283,77.879726
"गौंडा अलीगढ़",0,0,27.832283,77.879726
"गौंडा अलीगढ़",1,0,27.832283,77.879726
"गौंडा अलीगढ़",0,0,27.832283,77.879726
"गौंडा अलीगढ़",0,0,27.832283,77.879726
"गौंडा अलीगढ़",0,0,27.832283,77.879726
"गौंडा अलीगढ़",1,0,27.832283,77.879726
"गौंडा अलीगढ़",0,0,27.832283,77.879726
"गौंडा अलीगढ़",0,0,27.832283,77.879726
"गौंडा अलीगढ़",0,0,27.832283,77.879726
"गौंडा अलीगढ़",1,0,27.832283,77.879726
"गौंडा अलीगढ़",0,0,27.832283,77.879726
"गौंडा अलीगढ़",0,0,27.832283,77.879726
"गौंडा अलीगढ़",0,0,27.832283,77.879726
"चंडौस अलीगढ़",0,0,28.081465,77.849378
"चंडौस अलीगढ़",0,0,28.081465,77.849378
"चंडौस अलीगढ़",1,0,28.081465,77.849378
"चंडौस अलीगढ़",0,0,28.081465,77.849378
"चंडौस अलीगढ़",0,0,28.081465,77.849378
"चंडौस अलीगढ़",0,0,28.081465,77.849378
"चंडौस अलीगढ़",1,0,28.081465,77.849378
"चंडौस अलीगढ़",0,0,28.081465,77.849378
"चंडौस अलीगढ़",0,0,28.081465,77.849378
"छर्रा अलीगढ़",1,0,27.92617,78.390198
"छर्रा अलीगढ़",1,0,27.92617,78.390198
"छर्रा अलीगढ़",1,0,27.92617,78.390198
"छर्रा अलीगढ़",1,0,27.92617,78.390198
"छर्रा अलीगढ़",1,0,27.92617,78.390198
"छर्रा अलीगढ़",0,0,27.92617,78.390198
"छर्रा अलीगढ़",0,0,27.92617,78.390198
"छर्रा अलीगढ़",0,0,27.92617,78.390198
"छर्रा अलीगढ़",0,0,27.92617,78.390198
"छर्रा अलीगढ़",1,0,27.92617,78.390198
"छर्रा अलीगढ़",1,0,27.92617,78.390198
"छर्रा अलीगढ़",0,0,27.92617,78.390198
"छर्रा अलीगढ़",0,0,27.92617,78.390198
"जवां अलीगढ़",1,0,27.988452,78.10061
"जवां अलीगढ़",1,0,27.988452,78.10061
"जवां अलीगढ़",0,0,27.988452,78.10061
"जवां अलीगढ़",0,0,27.988452,78.10061
"जवां अलीगढ़",0,0,27.988452,78.10061
"जवां अलीगढ़",0,0,27.988452,78.10061
"जवां अलीगढ़",0,0,27.988452,78.10061
"जवां अलीगढ़",0,0,27.988452,78.10061
"जवां अलीगढ़",1,0,27.988452,78.10061
"जवां अलीगढ़",1,0,27.988452,78.10061
"जवां अलीगढ़",0,0,27.988452,78.10061
"जवां अलीगढ़",0,0,27.988452,78.10061
"जवां अलीगढ़",0,0,27.988452,78.10061
"जवां अलीगढ़",0,0,27.988452,78.10061
"जवां अलीगढ़",0,0,27.988452,78.10061
"जवां अलीगढ़",1,0,27.988452,78.10061
"जवां अलीगढ़",0,0,27.988452,78.10061
"जवां अलीगढ़",0,0,27.988452,78.10061
"जवां अलीगढ़",0,0,27.988452,78.10061
"जवां अलीगढ़",0,0,27.988452,78.10061
"जवां अलीगढ़",0,0,27.988452,78.10061
"जवां अलीगढ़",1,0,27.988452,78.10061
"जी.आर.पी. अलीगढ़ जंक्शन अलीगढ़",0,0,27.889761,78.074559
"जी.आर.पी. अलीगढ़ जंक्शन अलीगढ़",0,0,27.889761,78.074559
"टप्पल अलीगढ़",0,0,28.046052,77.578797
"टप्पल अलीगढ़",1,0,28.046052,77.578797
"टप्पल अलीगढ़",0,0,28.046052,77.578797
"टप्पल अलीगढ़",1,0,28.046052,77.578797
"टप्पल अलीगढ़",0,0,28.046052,77.578797
"टप्पल अलीगढ़",0,0,28.046052,77.578797
"टप्पल अलीगढ़",1,0,28.046052,77.578797
"टप्पल अलीगढ़",1,0,28.046052,77.578797
"टप्पल अलीगढ़",0,0,28.046052,77.578797
"टप्पल अलीगढ़",0,0,28.046052,77.578797
"टप्पल अलीगढ़",0,0,28.046052,77.578797
"टप्पल अलीगढ़",0,0,28.046052,77.578797
"टप्पल अलीगढ़",0,0,28.046052,77.578797
"टप्पल अलीगढ़",0,0,28.046052,77.578797
"टप्पल अलीगढ़",1,0,28.046052,77.578797
"टप्पल अलीगढ़",1,0,28.046052,77.578797
"टप्पल अलीगढ़",1,0,28.046052,77.578797
"टप्पल अलीगढ़",0,0,28.046052,77.578797
"टप्पल अलीगढ़",0,0,28.046052,77.578797
"टप्पल अलीगढ़",0,0,28.046052,77.578797
"टप्पल अलीगढ़",0,0,28.046052,77.578797
"टप्पल अलीगढ़",0,0,28.046052,77.578797
"दादों अलीगढ़",0,0,27.951364,78.46869
"दादों अलीगढ़",0,0,27.951364,78.46869
"दादों अलीगढ़",0,0,27.951364,78.46869
"दादों अलीगढ़",0,0,27.951364,78.46869
"दादों अलीगढ़",0,0,27.951364,78.46869
"दादों अलीगढ़",1,0,27.951364,78.46869
"दादों अलीगढ़",0,0,27.951364,78.46869
"दादों अलीगढ़",0,0,27.951364,78.46869
"दादों अलीगढ़",1,0,27.951364,78.46869
"दादों अलीगढ़",0,0,27.951364,78.46869
"दादों अलीगढ़",1,0,27.951364,78.46869
"दादों अलीगढ़",0,0,27.951364,78.46869
"दादों अलीगढ़",0,0,27.951364,78.46869
"दादों अलीगढ़",0,0,27.951364,78.46869
"दादों अलीगढ़",0,0,27.951364,78.46869
"दादों अलीगढ़",0,0,27.951364,78.46869
"दादों अलीगढ़",0,0,27.951364,78.46869
"दादों अलीगढ़",0,0,27.951364,78.46869
"दादों अलीगढ़",1,0,27.951364,78.46869
"देहली गेट अलीगढ़",0,0,27.881494,78.0591
"देहली गेट अलीगढ़",0,0,27.881494,78.0591
"देहली गेट अलीगढ़",0,0,27.881494,78.0591
"देहली गेट अलीगढ़",1,0,27.881494,78.0591
"देहली गेट अलीगढ़",0,0,27.881494,78.0591
"देहली गेट अलीगढ़",0,0,27.881494,78.0591
"देहली गेट अलीगढ़",0,0,27.881494,78.0591
"देहली गेट अलीगढ़",0,0,27.881494,78.0591
"देहली गेट अलीगढ़",1,0,27.881494,78.0591
"देहली गेट अलीगढ़",0,0,27.881494,78.0591
"देहली गेट अलीगढ़",0,0,27.881494,78.0591
"देहली गेट अलीगढ़",1,0,27.881494,78.0591
"देहली गेट अलीगढ़",1,0,27.881494,78.0591
"देहली गेट अलीगढ़",0,0,27.881494,78.0591
"देहली गेट अलीगढ़",1,0,27.881494,78.0591
"देहली गेट अलीगढ़",0,0,27.881494,78.0591
"देहली गेट अलीगढ़",0,0,27.881494,78.0591
"देहली गेट अलीगढ़",0,0,27.881494,78.0591
"देहली गेट अलीगढ़",0,0,27.881494,78.0591
"देहली गेट अलीगढ़",1,0,27.881494,78.0591
"देहली गेट अलीगढ़",0,0,27.881494,78.0591
"देहली गेट अलीगढ़",0,0,27.881494,78.0591
"देहली गेट अलीगढ़",1,0,27.881494,78.0591
"देहली गेट अलीगढ़",0,0,27.881494,78.0591
"देहली गेट अलीगढ़",0,0,27.881494,78.0591
"देहली गेट अलीगढ़",0,0,27.881494,78.0591
"देहली गेट अलीगढ़",0,0,27.881494,78.0591
"देहली गेट अलीगढ़",0,0,27.881494,78.0591
"देहली गेट अलीगढ़",0,0,27.881494,78.0591
"देहली गेट अलीगढ़",0,0,27.881494,78.0591
"देहली गेट अलीगढ़",0,0,27.881494,78.0591
"देहली गेट अलीगढ़",0,0,27.881494,78.0591
"देहली गेट अलीगढ़",0,0,27.881494,78.0591
"देहली गेट अलीगढ़",0,0,27.881494,78.0591
"देहली गेट अलीगढ़",1,0,27.881494,78.0591
"देहली गेट अलीगढ़",0,0,27.881494,78.0591
"देहली गेट अलीगढ़",1,0,27.881494,78.0591
"देहली गेट अलीगढ़",1,0,27.881494,78.0591
"देहली गेट अलीगढ़",1,0,27.881494,78.0591
"देहली गेट अलीगढ़",1,0,27.881494,78.0591
"देहली गेट अलीगढ़",0,0,27.881494,78.0591
"देहली गेट अलीगढ़",1,0,27.881494,78.0591
"देहली गेट अलीगढ़",0,0,27.881494,78.0591
"देहली गेट अलीगढ़",0,0,27.881494,78.0591
"देहली गेट अलीगढ़",0,0,27.881494,78.0591
"देहली गेट अलीगढ़",0,0,27.881494,78.0591
"देहली गेट अलीगढ़",0,0,27.881494,78.0591
"देहली गेट अलीगढ़",0,0,27.881494,78.0591
"देहली गेट अलीगढ़",0,0,27.881494,78.0591
"देहली गेट अलीगढ़",0,0,27.881494,78.0591
"देहली गेट अलीगढ़",0,0,27.881494,78.0591
"देहली गेट अलीगढ़",0,0,27.881494,78.0591
"देहली गेट अलीगढ़",0,0,27.881494,78.0591
"देहली गेट अलीगढ़",0,0,27.881494,78.0591
"देहली गेट अलीगढ़",0,0,27.881494,78.0591
"देहली गेट अलीगढ़",0,0,27.881494,78.0591
"देहली गेट अलीगढ़",1,0,27.881494,78.0591
"देहली गेट अलीगढ़",1,0,27.881494,78.0591
"देहली गेट अलीगढ़",0,0,27.881494,78.0591
"पालीमुकीमपुर अलीगढ़",1,0,28.016719,78.370006
"पालीमुकीमपुर अलीगढ़",1,0,28.016719,78.370006
"पालीमुकीमपुर अलीगढ़",0,0,28.016719,78.370006
"पालीमुकीमपुर अलीगढ़",1,0,28.016719,78.370006
"पालीमुकीमपुर अलीगढ़",1,0,28.016719,78.370006
"पालीमुकीमपुर अलीगढ़",1,0,28.016719,78.370006
"पालीमुकीमपुर अलीगढ़",0,0,28.016719,78.370006
"पालीमुकीमपुर अलीगढ़",1,0,28.016719,78.370006
"पालीमुकीमपुर अलीगढ़",0,0,28.016719,78.370006
"पालीमुकीमपुर अलीगढ़",1,0,28.016719,78.370006
"पालीमुकीमपुर अलीगढ़",0,0,28.016719,78.370006
"पालीमुकीमपुर अलीगढ़",0,0,28.016719,78.370006
"पालीमुकीमपुर अलीगढ़",1,0,28.016719,78.370006
"पालीमुकीमपुर अलीगढ़",0,0,28.016719,78.370006
"पालीमुकीमपुर अलीगढ़",0,0,28.016719,78.370006
"पालीमुकीमपुर अलीगढ़",1,0,28.016719,78.370006
"पालीमुकीमपुर अलीगढ़",1,0,28.016719,78.370006
"पालीमुकीमपुर अलीगढ़",0,0,28.016719,78.370006
"पालीमुकीमपुर अलीगढ़",0,0,28.016719,78.370006
"पालीमुकीमपुर अलीगढ़",1,0,28.016719,78.370006
"पालीमुकीमपुर अलीगढ़",0,0,28.016719,78.370006
"पालीमुकीमपुर अलीगढ़",0,0,28.016719,78.370006
"पालीमुकीमपुर अलीगढ़",1,0,28.016719,78.370006
"पालीमुकीमपुर अलीगढ़",1,0,28.016719,78.370006
"पालीमुकीमपुर अलीगढ़",0,0,28.016719,78.370006
"पालीमुकीमपुर अलीगढ़",0,0,28.016719,78.370006
"पालीमुकीमपुर अलीगढ़",0,0,28.016719,78.370006
"पालीमुकीमपुर अलीगढ़",0,0,28.016719,78.370006
"पालीमुकीमपुर अलीगढ़",0,0,28.016719,78.370006
"पालीमुकीमपुर अलीगढ़",0,0,28.016719,78.370006
"पालीमुकीमपुर अलीगढ़",0,0,28.016719,78.370006
"पालीमुकीमपुर अलीगढ़",0,0,28.016719,78.370006
"पालीमुकीमपुर अलीगढ़",0,0,28.016719,78.370006
"पालीमुकीमपुर अलीगढ़",1,0,28.016719,78.370006
"पिसावा अलीगढ़",0,0,27.789846,77.941593
"पिसावा अलीगढ़",0,0,27.789846,77.941593
"पिसावा अलीगढ़",1,0,27.789846,77.941593
"पिसावा अलीगढ़",0,0,27.789846,77.941593
"पिसावा अलीगढ़",0,0,27.789846,77.941593
"पिसावा अलीगढ़",0,0,27.789846,77.941593
"पिसावा अलीगढ़",0,0,27.789846,77.941593
"पिसावा अलीगढ़",0,0,27.789846,77.941593
"पिसावा अलीगढ़",1,0,27.789846,77.941593
"पिसावा अलीगढ़",1,0,27.789846,77.941593
"पिसावा अलीगढ़",1,0,27.789846,77.941593
"पिसावा अलीगढ़",0,0,27.789846,77.941593
"पिसावा अलीगढ़",1,0,27.789846,77.941593
"पिसावा अलीगढ़",0,0,27.789846,77.941593
"पिसावा अलीगढ़",1,0,27.789846,77.941593
"पिसावा अलीगढ़",1,0,27.789846,77.941593
"पिसावा अलीगढ़",1,0,27.789846,77.941593
"पिसावा अलीगढ़",0,0,27.789846,77.941593
"बन्नादेवी अलीगढ़",0,0,27.899127,78.052213
"बन्नादेवी अलीगढ़",0,0,27.899127,78.052213
"बन्नादेवी अलीगढ़",0,0,27.899127,78.052213
"बन्नादेवी अलीगढ़",0,0,27.899127,78.052213
"बन्नादेवी अलीगढ़",1,0,27.899127,78.052213
"बन्नादेवी अलीगढ़",1,0,27.899127,78.052213
"बन्नादेवी अलीगढ़",0,0,27.899127,78.052213
"बन्नादेवी अलीगढ़",1,0,27.899127,78.052213
"बन्नादेवी अलीगढ़",0,0,27.899127,78.052213
"बन्नादेवी अलीगढ़",1,0,27.899127,78.052213
"बन्नादेवी अलीगढ़",0,0,27.899127,78.052213
"बन्नादेवी अलीगढ़",1,0,27.899127,78.052213
"बन्नादेवी अलीगढ़",0,0,27.899127,78.052213
"बन्नादेवी अलीगढ़",1,0,27.899127,78.052213
"बन्नादेवी अलीगढ़",1,0,27.899127,78.052213
"बन्नादेवी अलीगढ़",0,0,27.899127,78.052213
"बन्नादेवी अलीगढ़",0,0,27.899127,78.052213
"बन्नादेवी अलीगढ़",0,0,27.899127,78.052213
"बन्नादेवी अलीगढ़",0,0,27.899127,78.052213
"बन्नादेवी अलीगढ़",1,0,27.899127,78.052213
"बरला अलीगढ़",1,0,27.910244,78.320235
"बरला अलीगढ़",0,0,27.910244,78.320235
"बरला अलीगढ़",0,0,27.910244,78.320235
"बरला अलीगढ़",0,0,27.910244,78.320235
"बरला अलीगढ़",0,0,27.910244,78.320235
"बरला अलीगढ़",1,0,27.910244,78.320235
"बरला अलीगढ़",0,0,27.910244,78.320235
"बरला अलीगढ़",0,0,27.910244,78.320235
"बरला अलीगढ़",0,0,27.910244,78.320235
"बरला अलीगढ़",0,0,27.910244,78.320235
"मडराक अलीगढ़",0,0,27.797448,78.089238
"मडराक अलीगढ़",0,0,27.797448,78.089238
"मडराक अलीगढ़",0,0,27.797448,78.089238
"मडराक अलीगढ़",1,0,27.797448,78.089238
"मडराक अलीगढ़",0,0,27.797448,78.089238
"मडराक अलीगढ़",0,0,27.797448,78.089238
"मडराक अलीगढ़",0,0,27.797448,78.089238
"मडराक अलीगढ़",0,0,27.797448,78.089238
"मडराक अलीगढ़",0,0,27.797448,78.089238
"महिला थाना अलीगढ़",1,1,27.901547,78.069652
"महिला थाना अलीगढ़",1,1,27.901547,78.069652
"महिला थाना अलीगढ़",1,1,27.901547,78.069652
"महिला थाना अलीगढ़",1,1,27.901547,78.069652
"महिला थाना अलीगढ़",1,1,27.901547,78.069652
"महिला थाना अलीगढ़",1,1,27.901547,78.069652
"महिला थाना अलीगढ़",1,1,27.901547,78.069652
"महिला थाना अलीगढ़",1,1,27.901547,78.069652
"महिला थाना अलीगढ़",1,1,27.901547,78.069652
"महिला थाना अलीगढ़",1,1,27.901547,78.069652
"महिला थाना अलीगढ़",1,1,27.901547,78.069652
"महिला थाना अलीगढ़",1,1,27.901547,78.069652
"महिला थाना अलीगढ़",1,1,27.901547,78.069652
"महिला थाना अलीगढ़",1,1,27.901547,78.069652
"महिला थाना अलीगढ़",1,1,27.901547,78.069652
"महिला थाना अलीगढ़",1,1,27.901547,78.069652
"महिला थाना अलीगढ़",1,1,27.901547,78.069652
"महिला थाना अलीगढ़",1,1,27.901547,78.069652
"लोधा अलीगढ़",1,0,27.910802,77.97143
"लोधा अलीगढ़",1,0,27.910802,77.97143
"लोधा अलीगढ़",1,0,27.910802,77.97143
"लोधा अलीगढ़",0,0,27.910802,77.97143
"लोधा अलीगढ़",0,0,27.910802,77.97143
"लोधा अलीगढ़",0,0,27.910802,77.97143
"लोधा अलीगढ़",1,0,27.910802,77.97143
"लोधा अलीगढ़",0,0,27.910802,77.97143
"लोधा अलीगढ़",1,0,27.910802,77.97143
"लोधा अलीगढ़",0,0,27.910802,77.97143
"लोधा अलीगढ़",0,0,27.910802,77.97143
"लोधा अलीगढ़",0,0,27.910802,77.97143
"विजयगढ़ अलीगढ़",0,0,27.720327,78.226958
"विजयगढ़ अलीगढ़",0,0,27.720327,78.226958
"विजयगढ़ अलीगढ़",0,0,27.720327,78.226958
"विजयगढ़ अलीगढ़",0,0,27.720327,78.226958
"विजयगढ़ अलीगढ़",1,0,27.720327,78.226958
"विजयगढ़ अलीगढ़",1,0,27.720327,78.226958
"विजयगढ़ अलीगढ़",1,0,27.720327,78.226958
"विजयगढ़ अलीगढ़",0,0,27.720327,78.226958
"विजयगढ़ अलीगढ़",0,0,27.720327,78.226958
"सासनी गेट अलीगढ़",1,0,27.865746,78.067286
"सासनी गेट अलीगढ़",0,0,27.865746,78.067286
"सासनी गेट अलीगढ़",0,0,27.865746,78.067286
"सासनी गेट अलीगढ़",0,0,27.865746,78.067286
"सासनी गेट अलीगढ़",1,0,27.865746,78.067286
"सासनी गेट अलीगढ़",0,0,27.865746,78.067286
"सासनी गेट अलीगढ़",0,0,27.865746,78.067286
"सासनी गेट अलीगढ़",0,0,27.865746,78.067286
"सासनी गेट अलीगढ़",0,0,27.865746,78.067286
"सासनी गेट अलीगढ़",0,0,27.865746,78.067286
"सासनी गेट अलीगढ़",1,0,27.865746,78.067286
"सासनी गेट अलीगढ़",0,0,27.865746,78.067286
"सासनी गेट अलीगढ़",0,0,27.865746,78.067286
"सासनी गेट अलीगढ़",0,0,27.865746,78.067286
"सासनी गेट अलीगढ़",0,0,27.865746,78.067286
"सासनी गेट अलीगढ़",0,0,27.865746,78.067286
"सासनी गेट अलीगढ़",0,0,27.865746,78.067286
"सासनी गेट अलीगढ़",1,0,27.865746,78.067286
"सासनी गेट अलीगढ़",0,0,27.865746,78.067286
"सासनी गेट अलीगढ़",0,0,27.865746,78.067286
"सासनी गेट अलीगढ़",0,0,27.865746,78.067286
"सासनी गेट अलीगढ़",0,0,27.865746,78.067286
"सासनी गेट अलीगढ़",1,0,27.865746,78.067286
"सासनी गेट अलीगढ़",0,0,27.865746,78.067286
"सासनी गेट अलीगढ़",0,0,27.865746,78.067286
"सासनी गेट अलीगढ़",0,0,27.865746,78.067286
"सासनी गेट अलीगढ़",1,0,27.865746,78.067286
"सासनी गेट अलीगढ़",0,0,27.865746,78.067286
"सासनी गेट अलीगढ़",0,0,27.865746,78.067286
"सासनी गेट अलीगढ़",0,0,27.865746,78.067286
"सासनी गेट अलीगढ़",0,0,27.865746,78.067286
"सासनी गेट अलीगढ़",0,0,27.865746,78.067286
"सासनी गेट अलीगढ़",1,0,27.865746,78.067286
"सासनी गेट अलीगढ़",0,0,27.865746,78.067286
"सासनी गेट अलीगढ़",0,0,27.865746,78.067286
"सासनी गेट अलीगढ़",0,0,27.865746,78.067286
"सासनी गेट अलीगढ़",0,0,27.865746,78.067286
"सासनी गेट अलीगढ़",0,0,27.865746,78.067286
"सासनी गेट अलीगढ़",0,0,27.865746,78.067286
"सासनी गेट अलीगढ़",0,0,27.865746,78.067286
"सासनी गेट अलीगढ़",0,0,27.865746,78.067286
"सासनी गेट अलीगढ़",0,0,27.865746,78.067286
"सासनी गेट अलीगढ़",0,0,27.865746,78.067286
"सासनी गेट अलीगढ़",0,0,27.865746,78.067286
"सिविल लाइन्स अलीगढ़",0,0,27.899165,78.077941
"सिविल लाइन्स अलीगढ़",0,0,27.899165,78.077941
"सिविल लाइन्स अलीगढ़",0,0,27.899165,78.077941
"सिविल लाइन्स अलीगढ़",0,0,27.899165,78.077941
"सिविल लाइन्स अलीगढ़",0,0,27.899165,78.077941
"सिविल लाइन्स अलीगढ़",0,0,27.899165,78.077941
"हरदुआगंज अलीगढ़",0,0,27.944258,78.155642
"हरदुआगंज अलीगढ़",0,0,27.944258,78.155642
"हरदुआगंज अलीगढ़",1,0,27.944258,78.155642
"हरदुआगंज अलीगढ़",0,0,27.944258,78.155642
"हरदुआगंज अलीगढ़",0,0,27.944258,78.155642
"हरदुआगंज अलीगढ़",0,0,27.944258,78.155642
"हरदुआगंज अलीगढ़",1,0,27.944258,78.155642
"हरदुआगंज अलीगढ़",1,0,27.944258,78.155642
"हरदुआगंज अलीगढ़",0,0,27.944258,78.155642
"हरदुआगंज अलीगढ़",0,0,27.944258,78.155642
"हरदुआगंज अलीगढ़",1,0,27.944258,78.155642
"हरदुआगंज अलीगढ़",1,0,27.944258,78.155642
"हरदुआगंज अलीगढ़",0,0,27.944258,78.155642
"हरदुआगंज अलीगढ़",0,0,27.944258,78.155642
"हरदुआगंज अलीगढ़",0,0,27.944258,78.155642
"हरदुआगंज अलीगढ़",0,0,27.944258,78.155642
"हरदुआगंज अलीगढ़",1,0,27.944258,78.155642
"हरदुआगंज अलीगढ़",1,0,27.944258,78.155642
"हरदुआगंज अलीगढ़",1,0,27.944258,78.155642
"हरदुआगंज अलीगढ़",0,0,27.944258,78.155642
"हरदुआगंज अलीगढ़",0,0,27.944258,78.155642
"हरदुआगंज अलीगढ़",1,0,27.944258,78.155642
"हरदुआगंज अलीगढ़",0,0,27.944258,78.155642
"हरदुआगंज अलीगढ़",0,0,27.944258,78.155642
"हरदुआगंज अलीगढ़",1,0,27.944258,78.155642
"हरदुआगंज अलीगढ़",1,0,27.944258,78.155642
"हरदुआगंज अलीगढ़",0,0,27.944258,78.155642
"हरदुआगंज अलीगढ़",1,0,27.944258,78.155642
"हरदुआगंज अलीगढ़",0,0,27.944258,78.155642
"हरदुआगंज अलीगढ़",1,0,27.944258,78.155642
"हरदुआगंज अलीगढ़",0,0,27.944258,78.155642
"हरदुआगंज अलीगढ़",0,0,27.944258,78.155642
"अछनेरा आगरा",0,0,27.178749,77.753947
"अछनेरा आगरा",0,0,27.178749,77.753947
"अछनेरा आगरा",0,0,27.178749,77.753947
"अछनेरा आगरा",0,0,27.178749,77.753947
"अछनेरा आगरा",0,0,27.178749,77.753947
"अछनेरा आगरा",0,0,27.178749,77.753947
"अछनेरा आगरा",0,0,27.178749,77.753947
"अछनेरा आगरा",0,0,27.178749,77.753947
"अछनेरा आगरा",0,0,27.178749,77.753947
"अछनेरा आगरा",0,0,27.178749,77.753947
"अछनेरा आगरा",0,0,27.178749,77.753947
"अछनेरा आगरा",0,0,27.178749,77.753947
"अछनेरा आगरा",0,0,27.178749,77.753947
"अछनेरा आगरा",0,0,27.178749,77.753947
"अछनेरा आगरा",1,0,27.178749,77.753947
"अछनेरा आगरा",0,0,27.178749,77.753947
"अछनेरा आगरा",0,0,27.178749,77.753947
"अछनेरा आगरा",0,0,27.178749,77.753947
"अछनेरा आगरा",0,0,27.178749,77.753947
"अछनेरा आगरा",1,0,27.178749,77.753947
"अछनेरा आगरा",0,0,27.178749,77.753947
"अछनेरा आगरा",1,0,27.178749,77.753947
"अछनेरा आगरा",0,0,27.178749,77.753947
"अछनेरा आगरा",0,0,27.178749,77.753947
"अछनेरा आगरा",0,0,27.178749,77.753947
"अछनेरा आगरा",0,0,27.178749,77.753947
"अछनेरा आगरा",0,0,27.178749,77.753947
"अछनेरा आगरा",0,0,27.178749,77.753947
"अछनेरा आगरा",0,0,27.178749,77.753947
"इरादत नगर आगरा",1,0,26.969085,78.04395
"इरादत नगर आगरा",0,0,26.969085,78.04395
"इरादत नगर आगरा",0,0,26.969085,78.04395
"इरादत नगर आगरा",0,0,26.969085,78.04395
"इरादत नगर आगरा",0,0,26.969085,78.04395
"इरादत नगर आगरा",0,0,26.969085,78.04395
"इरादत नगर आगरा",1,0,26.969085,78.04395
"इरादत नगर आगरा",0,0,26.969085,78.04395
"इरादत नगर आगरा",0,0,26.969085,78.04395
"इरादत नगर आगरा",0,0,26.969085,78.04395
"एत्माददौला आगरा",0,0,27.194828,78.034028
"एत्माददौला आगरा",0,0,27.194828,78.034028
"एत्माददौला आगरा",0,0,27.194828,78.034028
"एत्माददौला आगरा",0,0,27.194828,78.034028
"एत्माददौला आगरा",0,0,27.194828,78.034028
"एत्माददौला आगरा",0,0,27.194828,78.034028
"एत्माददौला आगरा",0,0,27.194828,78.034028
"एत्माददौला आगरा",0,0,27.194828,78.034028
"एत्माददौला आगरा",0,0,27.194828,78.034028
"एत्माददौला आगरा",0,0,27.194828,78.034028
"एत्माददौला आगरा",0,0,27.194828,78.034028
"एत्माददौला आगरा",1,0,27.194828,78.034028
"एत्माददौला आगरा",0,0,27.194828,78.034028
"एत्माददौला आगरा",0,0,27.194828,78.034028
"एत्माददौला आगरा",0,0,27.194828,78.034028
"एत्माददौला आगरा",0,0,27.194828,78.034028
"एत्मादपुर आगरा",0,0,27.233793,78.198432
"एत्मादपुर आगरा",0,0,27.233793,78.198432
"एत्मादपुर आगरा",1,0,27.233793,78.198432
"एत्मादपुर आगरा",0,0,27.233793,78.198432
"एत्मादपुर आगरा",0,0,27.233793,78.198432
"एत्मादपुर आगरा",0,0,27.233793,78.198432
"एत्मादपुर आगरा",0,0,27.233793,78.198432
"एत्मादपुर आगरा",0,0,27.233793,78.198432
"एत्मादपुर आगरा",1,0,27.233793,78.198432
"एत्मादपुर आगरा",0,0,27.233793,78.198432
"एत्मादपुर आगरा",0,0,27.233793,78.198432
"एत्मादपुर आगरा",0,0,27.233793,78.198432
"एत्मादपुर आगरा",0,0,27.233793,78.198432
"एत्मादपुर आगरा",0,0,27.233793,78.198432
"एत्मादपुर आगरा",0,0,27.233793,78.198432
"एत्मादपुर आगरा",0,0,27.233793,78.198432
"एत्मादपुर आगरा",0,0,27.233793,78.198432
"एत्मादपुर आगरा",0,0,27.233793,78.198432
"एत्मादपुर आगरा",1,0,27.233793,78.198432
"एत्मादपुर आगरा",0,0,27.233793,78.198432
"कागारौल आगरा",1,0,27.023421,77.849174
"कागारौल आगरा",1,0,27.023421,77.849174
"कागारौल आगरा",1,0,27.023421,77.849174
"कागारौल आगरा",0,0,27.023421,77.849174
"कागारौल आगरा",0,0,27.023421,77.849174
"कागारौल आगरा",0,0,27.023421,77.849174
"कागारौल आगरा",0,0,27.023421,77.849174
"कोतवाली आगरा",0,0,27.186576,78.014052
"कोतवाली आगरा",0,0,27.186576,78.014052
"कोतवाली आगरा",0,0,27.186576,78.014052
"कोतवाली आगरा",0,0,27.186576,78.014052
"कोतवाली आगरा",0,0,27.186576,78.014052
"कोतवाली आगरा",0,0,27.186576,78.014052
"कोतवाली आगरा",0,0,27.186576,78.014052
"कोतवाली आगरा",0,0,27.186576,78.014052
"कोतवाली आगरा",0,0,27.186576,78.014052
"खंदौली आगरा",0,0,27.312465,78.030518
"खंदौली आगरा",0,0,27.312465,78.030518
"खंदौली आगरा",0,0,27.312465,78.030518
"खंदौली आगरा",0,0,27.312465,78.030518
"खंदौली आगरा",0,0,27.312465,78.030518
"खंदौली आगरा",0,0,27.312465,78.030518
"खंदौली आगरा",0,0,27.312465,78.030518
"खंदौली आगरा",0,0,27.312465,78.030518
"खंदौली आगरा",0,0,27.312465,78.030518
"खंदौली आगरा",0,0,27.312465,78.030518
"खंदौली आगरा",1,0,27.312465,78.030518
"खंदौली आगरा",0,0,27.312465,78.030518
"खंदौली आगरा",0,0,27.312465,78.030518
"खेरा राठौर आगरा",0,0,26.795521,78.617885
"खेरा राठौर आगरा",0,0,26.795521,78.617885
"खेरा राठौर आगरा",0,0,26.795521,78.617885
"खेरा राठौर आगरा",0,0,26.795521,78.617885
"खेरा राठौर आगरा",0,0,26.795521,78.617885
"खेरा राठौर आगरा",1,0,26.795521,78.617885
"खेरा राठौर आगरा",0,0,26.795521,78.617885
"खेरागढ़ आगरा",0,0,26.955441,77.827563
"खेरागढ़ आगरा",0,0,26.955441,77.827563
"खेरागढ़ आगरा",1,0,26.955441,77.827563
"चित्राहाट आगरा",0,0,26.850826,78.77111
"चित्राहाट आगरा",0,0,26.850826,78.77111
"चित्राहाट आगरा",0,0,26.850826,78.77111
"चित्राहाट आगरा",1,0,26.850826,78.77111
"चित्राहाट आगरा",0,0,26.850826,78.77111
"चित्राहाट आगरा",0,0,26.850826,78.77111
"छत्ता आगरा",0,0,27.246373,78.047968
"छत्ता आगरा",0,0,27.246373,78.047968
"छत्ता आगरा",0,0,27.246373,78.047968
"छत्ता आगरा",0,0,27.246373,78.047968
"छत्ता आगरा",0,0,27.246373,78.047968
"छत्ता आगरा",0,0,27.246373,78.047968
"छत्ता आगरा",0,0,27.246373,78.047968
"छत्ता आगरा",0,0,27.246373,78.047968
"छत्ता आगरा",0,0,27.246373,78.047968
"छत्ता आगरा",0,0,27.246373,78.047968
"छत्ता आगरा",0,0,27.246373,78.047968
"छत्ता आगरा",0,0,27.246373,78.047968
"छत्ता आगरा",0,0,27.246373,78.047968
"छत्ता आगरा",0,0,27.246373,78.047968
"छत्ता आगरा",0,0,27.246373,78.047968
"छत्ता आगरा",0,0,27.246373,78.047968
"छत्ता आगरा",0,0,27.246373,78.047968
"छत्ता आगरा",1,0,27.246373,78.047968
"छत्ता आगरा",0,0,27.246373,78.047968
"छत्ता आगरा",0,0,27.246373,78.047968
"छत्ता आगरा",0,0,27.246373,78.047968
"छत्ता आगरा",0,0,27.246373,78.047968
"जगदीशपुरा आगरा",1,0,27.193645,77.974908
"जगदीशपुरा आगरा",1,0,27.193645,77.974908
"जगदीशपुरा आगरा",0,0,27.193645,77.974908
"जगदीशपुरा आगरा",0,0,27.193645,77.974908
"जगदीशपुरा आगरा",0,0,27.193645,77.974908
"जगदीशपुरा आगरा",0,0,27.193645,77.974908
"जगदीशपुरा आगरा",0,0,27.193645,77.974908
"जगदीशपुरा आगरा",0,0,27.193645,77.974908
"जगदीशपुरा आगरा",0,0,27.193645,77.974908
"जगदीशपुरा आगरा",0,0,27.193645,77.974908
"जगदीशपुरा आगरा",0,0,27.193645,77.974908
"जगदीशपुरा आगरा",0,0,27.193645,77.974908
"जगदीशपुरा आगरा",0,0,27.193645,77.974908
"जगदीशपुरा आगरा",0,0,27.193645,77.974908
"जगदीशपुरा आगरा",0,0,27.193645,77.974908
"जगदीशपुरा आगरा",0,0,27.193645,77.974908
"जगदीशपुरा आगरा",0,0,27.193645,77.974908
"जगदीशपुरा आगरा",0,0,27.193645,77.974908
"जगदीशपुरा आगरा",0,0,27.193645,77.974908
"जगदीशपुरा आगरा",0,0,27.193645,77.974908
"जगदीशपुरा आगरा",1,0,27.193645,77.974908
"जगदीशपुरा आगरा",0,0,27.193645,77.974908
"जगदीशपुरा आगरा",0,0,27.193645,77.974908
"जगदीशपुरा आगरा",0,0,27.193645,77.974908
"जगदीशपुरा आगरा",0,0,27.193645,77.974908
"जगदीशपुरा आगरा",0,0,27.193645,77.974908
"जगदीशपुरा आगरा",0,0,27.193645,77.974908
"जगदीशपुरा आगरा",1,0,27.193645,77.974908
"जगदीशपुरा आगरा",0,0,27.193645,77.974908
"जगदीशपुरा आगरा",0,0,27.193645,77.974908
"जगदीशपुरा आगरा",0,0,27.193645,77.974908
"जगदीशपुरा आगरा",1,0,27.193645,77.974908
"जगदीशपुरा आगरा",0,0,27.193645,77.974908
"जगदीशपुरा आगरा",0,0,27.193645,77.974908
"जगदीशपुरा आगरा",0,0,27.193645,77.974908
"जगनेर आगरा",1,0,26.865356,77.605909
"जगनेर आगरा",1,0,26.865356,77.605909
"जगनेर आगरा",0,0,26.865356,77.605909
"जगनेर आगरा",0,0,26.865356,77.605909
"जगनेर आगरा",0,0,26.865356,77.605909
"जगनेर आगरा",0,0,26.865356,77.605909
"जगनेर आगरा",0,0,26.865356,77.605909
"जगनेर आगरा",0,0,26.865356,77.605909
"जगनेर आगरा",0,0,26.865356,77.605909
"जगनेर आगरा",0,0,26.865356,77.605909
"जगनेर आगरा",0,0,26.865356,77.605909
"जगनेर आगरा",0,0,26.865356,77.605909
"जी.आर.पी. आगरा फोर्ट आगरा",0,0,27.158874,77.995288
"जैतपुर आगरा",0,0,27.05675,78.859476
"जैतपुर आगरा",0,0,27.05675,78.859476
"जैतपुर आगरा",1,0,27.05675,78.859476
"जैतपुर आगरा",0,0,27.05675,78.859476
"जैतपुर आगरा",1,0,27.05675,78.859476
"डौकी आगरा",1,0,27.078627,78.18741
"डौकी आगरा",0,0,27.078627,78.18741
"डौकी आगरा",0,0,27.078627,78.18741
"डौकी आगरा",0,0,27.078627,78.18741
"डौकी आगरा",0,0,27.078627,78.18741
"डौकी आगरा",0,0,27.078627,78.18741
"डौकी आगरा",0,0,27.078627,78.18741
"डौकी आगरा",0,0,27.078627,78.18741
"डौकी आगरा",0,0,27.078627,78.18741
"डौकी आगरा",0,0,27.078627,78.18741
"डौकी आगरा",0,0,27.078627,78.18741
"डौकी आगरा",0,0,27.078627,78.18741
"डौकी आगरा",1,0,27.078627,78.18741
"डौकी आगरा",0,0,27.078627,78.18741
"डौकी आगरा",0,0,27.078627,78.18741
"डौकी आगरा",0,0,27.078627,78.18741
"डौकी आगरा",0,0,27.078627,78.18741
"ताजगंज आगरा",1,0,27.154596,78.051729
"ताजगंज आगरा",1,0,27.154596,78.051729
"ताजगंज आगरा",0,0,27.154596,78.051729
"ताजगंज आगरा",0,0,27.154596,78.051729
"ताजगंज आगरा",1,0,27.154596,78.051729
"ताजगंज आगरा",0,0,27.154596,78.051729
"ताजगंज आगरा",1,0,27.154596,78.051729
"ताजगंज आगरा",0,0,27.154596,78.051729
"ताजगंज आगरा",1,0,27.154596,78.051729
"ताजगंज आगरा",0,0,27.154596,78.051729
"ताजगंज आगरा",0,0,27.154596,78.051729
"ताजगंज आगरा",0,0,27.154596,78.051729
"ताजगंज आगरा",1,0,27.154596,78.051729
"ताजगंज आगरा",0,0,27.154596,78.051729
"ताजगंज आगरा",0,0,27.154596,78.051729
"ताजगंज आगरा",1,0,27.154596,78.051729
"ताजगंज आगरा",0,0,27.154596,78.051729
"ताजगंज आगरा",1,0,27.154596,78.051729
"ताजगंज आगरा",0,0,27.154596,78.051729
"ताजगंज आगरा",0,0,27.154596,78.051729
"ताजगंज आगरा",0,0,27.154596,78.051729
"ताजगंज आगरा",0,0,27.154596,78.051729
"ताजगंज आगरा",0,0,27.154596,78.051729
"ताजगंज आगरा",0,0,27.154596,78.051729
"ताजगंज आगरा",0,0,27.154596,78.051729
"ताजगंज आगरा",0,0,27.154596,78.051729
"ताजगंज आगरा",0,0,27.154596,78.051729
"ताजगंज आगरा",0,0,27.154596,78.051729
"ताजगंज आगरा",1,0,27.154596,78.051729
"ताजगंज आगरा",0,0,27.154596,78.051729
"ताजगंज आगरा",1,0,27.154596,78.051729
"ताजगंज आगरा",0,0,27.154596,78.051729
"ताजगंज आगरा",0,0,27.154596,78.051729
"ताजगंज आगरा",0,0,27.154596,78.051729
"ताजगंज आगरा",0,0,27.154596,78.051729
"ताजगंज आगरा",0,0,27.154596,78.051729
"ताजगंज आगरा",0,0,27.154596,78.051729
"ताजगंज आगरा",0,0,27.154596,78.051729
"ताजगंज आगरा",0,0,27.154596,78.051729
"ताजगंज आगरा",0,0,27.154596,78.051729
"ताजगंज आगरा",0,0,27.154596,78.051729
"ताजगंज आगरा",0,0,27.154596,78.051729
"ताजगंज आगरा",0,0,27.154596,78.051729
"ताजगंज आगरा",1,0,27.154596,78.051729
"ताजगंज आगरा",0,0,27.154596,78.051729
"ताजगंज आगरा",0,0,27.154596,78.051729
"ताजगंज आगरा",1,0,27.154596,78.051729
"ताजगंज आगरा",1,0,27.154596,78.051729
"ताजगंज आगरा",0,0,27.154596,78.051729
"ताजगंज आगरा",1,0,27.154596,78.051729
"ताजगंज आगरा",1,0,27.154596,78.051729
"ताजगंज आगरा",0,0,27.154596,78.051729
"ताजगंज आगरा",0,0,27.154596,78.051729
"ताजगंज आगरा",0,0,27.154596,78.051729
"ताजगंज आगरा",0,0,27.154596,78.051729
"ताजगंज आगरा",0,0,27.154596,78.051729
"ताजगंज आगरा",0,0,27.154596,78.051729
"ताजगंज आगरा",1,0,27.154596,78.051729
"ताजगंज आगरा",1,0,27.154596,78.051729
"ताजगंज आगरा",0,0,27.154596,78.051729
"ताजगंज आगरा",1,0,27.154596,78.051729
"ताजगंज आगरा",1,0,27.154596,78.051729
"ताजगंज आगरा",1,0,27.154596,78.051729
"ताजगंज आगरा",0,0,27.154596,78.051729
"ताजगंज आगरा",0,0,27.154596,78.051729
"ताजगंज आगरा",0,0,27.154596,78.051729
"ताजगंज आगरा",0,0,27.154596,78.051729
"ताजगंज आगरा",0,0,27.154596,78.051729
"ताजगंज आगरा",0,0,27.154596,78.051729
"ताजगंज आगरा",0,0,27.154596,78.051729
"ताजगंज आगरा",0,0,27.154596,78.051729
"ताजगंज आगरा",0,0,27.154596,78.051729
"ताजगंज आगरा",0,0,27.154596,78.051729
"ताजगंज आगरा",0,0,27.154596,78.051729
"ताजगंज आगरा",0,0,27.154596,78.051729
"ताजगंज आगरा",0,0,27.154596,78.051729
"ताजगंज आगरा",0,0,27.154596,78.051729
"ताजगंज आगरा",0,0,27.154596,78.051729
"नाई-की-मंडी आगरा",0,0,27.183066,78.00327
"नाई-की-मंडी आगरा",0,0,27.183066,78.00327
"नाई-की-मंडी आगरा",0,0,27.183066,78.00327
"नाई-की-मंडी आगरा",0,0,27.183066,78.00327
"नाई-की-मंडी आगरा",0,0,27.183066,78.00327
"निबोहरा आगरा",0,0,26.960365,78.258588
"निबोहरा आगरा",0,0,26.960365,78.258588
"न्यू आगरा आगरा",0,0,27.21403,78.0122
"न्यू आगरा आगरा",0,0,27.21403,78.0122
"न्यू आगरा आगरा",1,0,27.21403,78.0122
"न्यू आगरा आगरा",0,0,27.21403,78.0122
"न्यू आगरा आगरा",0,0,27.21403,78.0122
"न्यू आगरा आगरा",0,0,27.21403,78.0122
"न्यू आगरा आगरा",1,0,27.21403,78.0122
"न्यू आगरा आगरा",0,0,27.21403,78.0122
"न्यू आगरा आगरा",1,0,27.21403,78.0122
"न्यू आगरा आगरा",0,0,27.21403,78.0122
"न्यू आगरा आगरा",0,0,27.21403,78.0122
"न्यू आगरा आगरा",0,0,27.21403,78.0122
"न्यू आगरा आगरा",0,0,27.21403,78.0122
"न्यू आगरा आगरा",0,0,27.21403,78.0122
"न्यू आगरा आगरा",1,0,27.21403,78.0122
"न्यू आगरा आगरा",0,0,27.21403,78.0122
"न्यू आगरा आगरा",0,0,27.21403,78.0122
"न्यू आगरा आगरा",0,0,27.21403,78.0122
"न्यू आगरा आगरा",0,0,27.21403,78.0122
"न्यू आगरा आगरा",0,0,27.21403,78.0122
"न्यू आगरा आगरा",0,0,27.21403,78.0122
"न्यू आगरा आगरा",0,0,27.21403,78.0122
"न्यू आगरा आगरा",0,0,27.21403,78.0122
"न्यू आगरा आगरा",0,0,27.21403,78.0122
"न्यू आगरा आगरा",0,0,27.21403,78.0122
"न्यू आगरा आगरा",0,0,27.21403,78.0122
"न्यू आगरा आगरा",0,0,27.21403,78.0122
"न्यू आगरा आगरा",0,0,27.21403,78.0122
"न्यू आगरा आगरा",0,0,27.21403,78.0122
"न्यू आगरा आगरा",0,0,27.21403,78.0122
"न्यू आगरा आगरा",0,0,27.21403,78.0122
"न्यू आगरा आगरा",0,0,27.21403,78.0122
"न्यू आगरा आगरा",1,0,27.21403,78.0122
"न्यू आगरा आगरा",0,0,27.21403,78.0122
"न्यू आगरा आगरा",0,0,27.21403,78.0122
"न्यू आगरा आगरा",1,0,27.21403,78.0122
"न्यू आगरा आगरा",0,0,27.21403,78.0122
"न्यू आगरा आगरा",1,0,27.21403,78.0122
"न्यू आगरा आगरा",0,0,27.21403,78.0122
"न्यू आगरा आगरा",1,0,27.21403,78.0122
"न्यू आगरा आगरा",0,0,27.21403,78.0122
"न्यू आगरा आगरा",0,0,27.21403,78.0122
"न्यू आगरा आगरा",0,0,27.21403,78.0122
"न्यू आगरा आगरा",0,0,27.21403,78.0122
"न्यू आगरा आगरा",0,0,27.21403,78.0122
"न्यू आगरा आगरा",0,0,27.21403,78.0122
"न्यू आगरा आगरा",0,0,27.21403,78.0122
"न्यू आगरा आगरा",0,0,27.21403,78.0122
"न्यू आगरा आगरा",0,0,27.21403,78.0122
"न्यू आगरा आगरा",0,0,27.21403,78.0122
"न्यू आगरा आगरा",1,0,27.21403,78.0122
"न्यू आगरा आगरा",0,0,27.21403,78.0122
"न्यू आगरा आगरा",0,0,27.21403,78.0122
"न्यू आगरा आगरा",0,0,27.21403,78.0122
"न्यू आगरा आगरा",0,0,27.21403,78.0122
"न्यू आगरा आगरा",0,0,27.21403,78.0122
"न्यू आगरा आगरा",0,0,27.21403,78.0122
"न्यू आगरा आगरा",0,0,27.21403,78.0122
"पिनाहट आगरा",0,0,26.884296,78.372452
"पिनाहट आगरा",0,0,26.884296,78.372452
"पिनाहट आगरा",0,0,26.884296,78.372452
"फतेहपुर सीकरी आगरा",0,0,27.099857,77.669251
"फतेहपुर सीकरी आगरा",0,0,27.099857,77.669251
"फतेहाबाद आगरा",0,0,27.021778,78.304425
"फतेहाबाद आगरा",0,0,27.021778,78.304425
"फतेहाबाद आगरा",1,0,27.021778,78.304425
"फतेहाबाद आगरा",0,0,27.021778,78.304425
"फतेहाबाद आगरा",1,0,27.021778,78.304425
"फतेहाबाद आगरा",0,0,27.021778,78.304425
"फतेहाबाद आगरा",0,0,27.021778,78.304425
"फतेहाबाद आगरा",1,0,27.021778,78.304425
"फतेहाबाद आगरा",0,0,27.021778,78.304425
"फतेहाबाद आगरा",0,0,27.021778,78.304425
"फतेहाबाद आगरा",0,0,27.021778,78.304425
"फतेहाबाद आगरा",0,0,27.021778,78.304425
"बरहन आगरा",0,0,27.332334,78.193968
"बरहन आगरा",1,0,27.332334,78.193968
"बरहन आगरा",1,0,27.332334,78.193968
"बरहन आगरा",0,0,27.332334,78.193968
"बरहन आगरा",1,0,27.332334,78.193968
"बरहन आगरा",0,0,27.332334,78.193968
"बरहन आगरा",0,0,27.332334,78.193968
"बरहन आगरा",0,0,27.332334,78.193968
"बरहन आगरा",1,0,27.332334,78.193968
"बरहन आगरा",1,0,27.332334,78.193968
"बरहन आगरा",0,0,27.332334,78.193968
"बरहन आगरा",0,0,27.332334,78.193968
"बरहन आगरा",0,0,27.332334,78.193968
"बसई अरेला आगरा",0,0,26.948629,78.39923
"बसई अरेला आगरा",1,0,26.948629,78.39923
"बसई अरेला आगरा",1,0,26.948629,78.39923
"बसई अरेला आगरा",0,0,26.948629,78.39923
"बसई जगनेर आगरा",0,0,26.821543,77.466607
"बसई जगनेर आगरा",0,0,26.821543,77.466607
"बसौनी आगरा",0,0,26.838938,78.464306
"बसौनी आगरा",0,0,26.838938,78.464306
"बसौनी आगरा",0,0,26.838938,78.464306
"बाह आगरा",0,0,26.871347,78.593638
"बाह आगरा",0,0,26.871347,78.593638
"बाह आगरा",0,0,26.871347,78.593638
"बाह आगरा",0,0,26.871347,78.593638
"बाह आगरा",0,0,26.871347,78.593638
"बाह आगरा",0,0,26.871347,78.593638
"बाह आगरा",0,0,26.871347,78.593638
"बाह आगरा",0,0,26.871347,78.593638
"बाह आगरा",0,0,26.871347,78.593638
"बाह आगरा",0,0,26.871347,78.593638
"बाह आगरा",0,0,26.871347,78.593638
"बाह आगरा",0,0,26.871347,78.593638
"बाह आगरा",0,0,26.871347,78.593638
"बाह आगरा",0,0,26.871347,78.593638
"बाह आगरा",0,0,26.871347,78.593638
"बाह आगरा",0,0,26.871347,78.593638
"बाह आगरा",0,0,26.871347,78.593638
"बाह आगरा",0,0,26.871347,78.593638
"बाह आगरा",0,0,26.871347,78.593638
"बाह आगरा",0,0,26.871347,78.593638
"मंटोला आगरा",1,0,27.188245,78.010044
"मंटोला आगरा",0,0,27.188245,78.010044
"मंटोला आगरा",0,0,27.188245,78.010044
"मंटोला आगरा",0,0,27.188245,78.010044
"मंटोला आगरा",0,0,27.188245,78.010044
"मंटोला आगरा",1,0,27.188245,78.010044
"मंटोला आगरा",0,0,27.188245,78.010044
"मदन मोहन गेट आगरा",0,0,27.189853,78.011089
"मदन मोहन गेट आगरा",1,0,27.189853,78.011089
"मदन मोहन गेट आगरा",0,0,27.189853,78.011089
"मदन मोहन गेट आगरा",0,0,27.189853,78.011089
"मदन मोहन गेट आगरा",1,0,27.189853,78.011089
"मदन मोहन गेट आगरा",0,0,27.189853,78.011089
"मदन मोहन गेट आगरा",1,0,27.189853,78.011089
"मदन मोहन गेट आगरा",0,0,27.189853,78.011089
"मदन मोहन गेट आगरा",0,0,27.189853,78.011089
"मनसुखपुरा आगरा",0,0,26.882274,78.597809
"मदन मोहन गेट आगरा",1,0,27.189853,78.011089
"मनसुखपुरा आगरा",0,0,26.882274,78.597809
"मनसुखपुरा आगरा",1,0,26.882274,78.597809
"मनसुखपुरा आगरा",0,0,26.882274,78.597809
"मनसुखपुरा आगरा",0,0,26.882274,78.597809
"मलपुरा आगरा",1,0,27.13133,77.931639
"महिला थाना आगरा",0,1,27.173316,78.012255
"मलपुरा आगरा",0,0,27.13133,77.931639
"महिला थाना आगरा",1,1,27.173316,78.012255
"महिला थाना आगरा",1,1,27.173316,78.012255
"महिला थाना आगरा",1,1,27.173316,78.012255
"महिला थाना आगरा",0,1,27.173316,78.012255
"महिला थाना आगरा",1,1,27.173316,78.012255
"महिला थाना आगरा",1,1,27.173316,78.012255
"महिला थाना आगरा",1,1,27.173316,78.012255
"महिला थाना आगरा",1,1,27.173316,78.012255
"महिला थाना आगरा",1,1,27.173316,78.012255
"महिला थाना आगरा",1,1,27.173316,78.012255
"महिला थाना आगरा",1,1,27.173316,78.012255
"महिला थाना आगरा",1,1,27.173316,78.012255
"महिला थाना आगरा",1,1,27.173316,78.012255
"महिला थाना आगरा",1,1,27.173316,78.012255
"महिला थाना आगरा",1,1,27.173316,78.012255
"महिला थाना आगरा",1,1,27.173316,78.012255
"महिला थाना आगरा",1,1,27.173316,78.012255
"महिला थाना आगरा",1,1,27.173316,78.012255
"महिला थाना आगरा",1,1,27.173316,78.012255
"महिला थाना आगरा",1,1,27.173316,78.012255
"महिला थाना आगरा",1,1,27.173316,78.012255
"महिला थाना आगरा",1,1,27.173316,78.012255
"महिला थाना आगरा",1,1,27.173316,78.012255
"महिला थाना आगरा",1,1,27.173316,78.012255
"महिला थाना आगरा",1,1,27.173316,78.012255
"महिला थाना आगरा",1,1,27.173316,78.012255
"महिला थाना आगरा",1,1,27.173316,78.012255
"महिला थाना आगरा",1,1,27.173316,78.012255
"महिला थाना आगरा",1,1,27.173316,78.012255
"महिला थाना आगरा",1,1,27.173316,78.012255
"महिला थाना आगरा",1,1,27.173316,78.012255
"महिला थाना आगरा",1,1,27.173316,78.012255
"महिला थाना आगरा",1,1,27.173316,78.012255
"महिला थाना आगरा",1,1,27.173316,78.012255
"महिला थाना आगरा",1,1,27.173316,78.012255
"महिला थाना आगरा",1,1,27.173316,78.012255
"महिला थाना आगरा",1,1,27.173316,78.012255
"महिला थाना आगरा",1,1,27.173316,78.012255
"महिला थाना आगरा",1,1,27.173316,78.012255
"महिला थाना आगरा",1,1,27.173316,78.012255
"महिला थाना आगरा",1,1,27.173316,78.012255
"महिला थाना आगरा",1,1,27.173316,78.012255
"महिला थाना आगरा",1,1,27.173316,78.012255
"महिला थाना आगरा",1,1,27.173316,78.012255
"महिला थाना आगरा",1,1,27.173316,78.012255
"महिला थाना आगरा",1,1,27.173316,78.012255
"महिला थाना आगरा",1,1,27.173316,78.012255
"महिला थाना आगरा",1,1,27.173316,78.012255
"महिला थाना आगरा",1,1,27.173316,78.012255
"महिला थाना आगरा",1,1,27.173316,78.012255
"महिला थाना आगरा",1,1,27.173316,78.012255
"महिला थाना आगरा",1,1,27.173316,78.012255
"महिला थाना आगरा",1,1,27.173316,78.012255
"महिला थाना आगरा",1,1,27.173316,78.012255
"महिला थाना आगरा",1,1,27.173316,78.012255
"महिला थाना आगरा",1,1,27.173316,78.012255
"महिला थाना आगरा",1,1,27.173316,78.012255
"महिला थाना आगरा",1,1,27.173316,78.012255
"महिला थाना आगरा",1,1,27.173316,78.012255
"महिला थाना आगरा",1,1,27.173316,78.012255
"महिला थाना आगरा",1,1,27.173316,78.012255
"महिला थाना आगरा",1,1,27.173316,78.012255
"महिला थाना आगरा",1,1,27.173316,78.012255
"महिला थाना आगरा",1,1,27.173316,78.012255
"महिला थाना आगरा",1,1,27.173316,78.012255
"महिला थाना आगरा",1,1,27.173316,78.012255
"महिला थाना आगरा",1,1,27.173316,78.012255
"महिला थाना आगरा",1,1,27.173316,78.012255
"महिला थाना आगरा",1,1,27.173316,78.012255
"महिला थाना आगरा",1,1,27.173316,78.012255
"महिला थाना आगरा",1,1,27.173316,78.012255
"महिला थाना आगरा",1,1,27.173316,78.012255
"महिला थाना आगरा",1,1,27.173316,78.012255
"महिला थाना आगरा",1,1,27.173316,78.012255
"महिला थाना आगरा",1,1,27.173316,78.012255
"महिला थाना आगरा",1,1,27.173316,78.012255
"महिला थाना आगरा",1,1,27.173316,78.012255
"महिला थाना आगरा",1,1,27.173316,78.012255
"महिला थाना आगरा",1,1,27.173316,78.012255
"महिला थाना आगरा",1,1,27.173316,78.012255
"महिला थाना आगरा",1,1,27.173316,78.012255
"महिला थाना आगरा",1,1,27.173316,78.012255
"महिला थाना आगरा",1,1,27.173316,78.012255
"महिला थाना आगरा",1,1,27.173316,78.012255
"महिला थाना आगरा",1,1,27.173316,78.012255
"महिला थाना आगरा",1,1,27.173316,78.012255
"महिला थाना आगरा",1,1,27.173316,78.012255
"महिला थाना आगरा",1,1,27.173316,78.012255
"महिला थाना आगरा",1,1,27.173316,78.012255
"महिला थाना आगरा",1,1,27.173316,78.012255
"महिला थाना आगरा",1,1,27.173316,78.012255
"महिला थाना आगरा",1,1,27.173316,78.012255
"महिला थाना आगरा",1,1,27.173316,78.012255
"महिला थाना आगरा",1,1,27.173316,78.012255
"महिला थाना आगरा",1,1,27.173316,78.012255
"महिला थाना आगरा",1,1,27.173316,78.012255
"महिला थाना आगरा",1,1,27.173316,78.012255
"महिला थाना आगरा",1,1,27.173316,78.012255
"महिला थाना आगरा",1,1,27.173316,78.012255
"महिला थाना आगरा",1,1,27.173316,78.012255
"महिला थाना आगरा",1,1,27.173316,78.012255
"महिला थाना आगरा",1,1,27.173316,78.012255
"महिला थाना आगरा",1,1,27.173316,78.012255
"महिला थाना आगरा",1,1,27.173316,78.012255
"महिला थाना आगरा",1,1,27.173316,78.012255
"महिला थाना आगरा",1,1,27.173316,78.012255
"महिला थाना आगरा",1,1,27.173316,78.012255
"महिला थाना आगरा",1,1,27.173316,78.012255
"महिला थाना आगरा",1,1,27.173316,78.012255
"महिला थाना आगरा",1,1,27.173316,78.012255
"महिला थाना आगरा",1,1,27.173316,78.012255
"महिला थाना आगरा",1,1,27.173316,78.012255
"महिला थाना आगरा",1,1,27.173316,78.012255
"महिला थाना आगरा",1,1,27.173316,78.012255
"महिला थाना आगरा",1,1,27.173316,78.012255
"महिला थाना आगरा",1,1,27.173316,78.012255
"महिला थाना आगरा",1,1,27.173316,78.012255
"महिला थाना आगरा",1,1,27.173316,78.012255
"महिला थाना आगरा",1,1,27.173316,78.012255
"महिला थाना आगरा",1,1,27.173316,78.012255
"महिला थाना आगरा",1,1,27.173316,78.012255
"महिला थाना आगरा",1,1,27.173316,78.012255
"महिला थाना आगरा",1,1,27.173316,78.012255
"महिला थाना आगरा",1,1,27.173316,78.012255
"महिला थाना आगरा",1,1,27.173316,78.012255
"महिला थाना आगरा",1,1,27.173316,78.012255
"महिला थाना आगरा",1,1,27.173316,78.012255
"महिला थाना आगरा",1,1,27.173316,78.012255
"महिला थाना आगरा",1,1,27.173316,78.012255
"महिला थाना आगरा",1,1,27.173316,78.012255
"महिला थाना आगरा",1,1,27.173316,78.012255
"महिला थाना आगरा",1,1,27.173316,78.012255
"महिला थाना आगरा",1,1,27.173316,78.012255
"महिला थाना आगरा",1,1,27.173316,78.012255
"महिला थाना आगरा",1,1,27.173316,78.012255
"महिला थाना आगरा",1,1,27.173316,78.012255
"महिला थाना आगरा",1,1,27.173316,78.012255
"महिला थाना आगरा",1,1,27.173316,78.012255
"महिला थाना आगरा",1,1,27.173316,78.012255
"महिला थाना आगरा",1,1,27.173316,78.012255
"महिला थाना आगरा",1,1,27.173316,78.012255
"महिला थाना आगरा",1,1,27.173316,78.012255
"महिला थाना आगरा",1,1,27.173316,78.012255
"महिला थाना आगरा",1,1,27.173316,78.012255
"महिला थाना आगरा",1,1,27.173316,78.012255
"महिला थाना आगरा",1,1,27.173316,78.012255
"महिला थाना आगरा",1,1,27.173316,78.012255
"महिला थाना आगरा",1,1,27.173316,78.012255
"महिला थाना आगरा",1,1,27.173316,78.012255
"महिला थाना आगरा",1,1,27.173316,78.012255
"महिला थाना आगरा",1,1,27.173316,78.012255
"महिला थाना आगरा",1,1,27.173316,78.012255
"महिला थाना आगरा",1,1,27.173316,78.012255
"महिला थाना आगरा",1,1,27.173316,78.012255
"महिला थाना आगरा",1,1,27.173316,78.012255
"महिला थाना आगरा",1,1,27.173316,78.012255
"महिला थाना आगरा",1,1,27.173316,78.012255
"महिला थाना आगरा",1,1,27.173316,78.012255
"महिला थाना आगरा",1,1,27.173316,78.012255
"महिला थाना आगरा",1,1,27.173316,78.012255
"महिला थाना आगरा",1,1,27.173316,78.012255
"महिला थाना आगरा",1,1,27.173316,78.012255
"महिला थाना आगरा",1,1,27.173316,78.012255
"महिला थाना आगरा",1,1,27.173316,78.012255
"महिला थाना आगरा",1,1,27.173316,78.012255
"महिला थाना आगरा",1,1,27.173316,78.012255
"महिला थाना आगरा",1,1,27.173316,78.012255
"महिला थाना आगरा",1,1,27.173316,78.012255
"महिला थाना आगरा",1,1,27.173316,78.012255
"महिला थाना आगरा",1,1,27.173316,78.012255
"महिला थाना आगरा",1,1,27.173316,78.012255
"महिला थाना आगरा",1,1,27.173316,78.012255
"महिला थाना आगरा",1,1,27.173316,78.012255
"महिला थाना आगरा",1,1,27.173316,78.012255
"महिला थाना आगरा",1,1,27.173316,78.012255
"महिला थाना आगरा",1,1,27.173316,78.012255
"महिला थाना आगरा",1,1,27.173316,78.012255
"महिला थाना आगरा",1,1,27.173316,78.012255
"महिला थाना आगरा",1,1,27.173316,78.012255
"महिला थाना आगरा",1,1,27.173316,78.012255
"महिला थाना आगरा",1,1,27.173316,78.012255
"महिला थाना आगरा",1,1,27.173316,78.012255
"महिला थाना आगरा",1,1,27.173316,78.012255
"महिला थाना आगरा",1,1,27.173316,78.012255
"महिला थाना आगरा",1,1,27.173316,78.012255
"महिला थाना आगरा",1,1,27.173316,78.012255
"रकाबगंज आगरा",0,0,27.163206,78.010329
"रकाबगंज आगरा",0,0,27.163206,78.010329
"रकाबगंज आगरा",0,0,27.163206,78.010329
"रकाबगंज आगरा",0,0,27.163206,78.010329
"रकाबगंज आगरा",0,0,27.163206,78.010329
"रकाबगंज आगरा",0,0,27.163206,78.010329
"रकाबगंज आगरा",0,0,27.163206,78.010329
"रकाबगंज आगरा",0,0,27.163206,78.010329
"रकाबगंज आगरा",0,0,27.163206,78.010329
"रकाबगंज आगरा",0,0,27.163206,78.010329
"रकाबगंज आगरा",0,0,27.163206,78.010329
"रकाबगंज आगरा",0,0,27.163206,78.010329
"रकाबगंज आगरा",1,0,27.163206,78.010329
"रकाबगंज आगरा",0,0,27.163206,78.010329
"रकाबगंज आगरा",0,0,27.163206,78.010329
"रकाबगंज आगरा",0,0,27.163206,78.010329
"रकाबगंज आगरा",0,0,27.163206,78.010329
"रकाबगंज आगरा",0,0,27.163206,78.010329
"रकाबगंज आगरा",0,0,27.163206,78.010329
"रकाबगंज आगरा",1,0,27.163206,78.010329
"रकाबगंज आगरा",0,0,27.163206,78.010329
"रकाबगंज आगरा",0,0,27.163206,78.010329
"रकाबगंज आगरा",0,0,27.163206,78.010329
"रकाबगंज आगरा",0,0,27.163206,78.010329
"रकाबगंज आगरा",0,0,27.163206,78.010329
"लोहामंडी आगरा",0,0,27.196169,77.967876
"लोहामंडी आगरा",0,0,27.196169,77.967876
"लोहामंडी आगरा",0,0,27.196169,77.967876
"लोहामंडी आगरा",1,0,27.196169,77.967876
"लोहामंडी आगरा",0,0,27.196169,77.967876
"लोहामंडी आगरा",0,0,27.196169,77.967876
"लोहामंडी आगरा",0,0,27.196169,77.967876
"लोहामंडी आगरा",0,0,27.196169,77.967876
"लोहामंडी आगरा",0,0,27.196169,77.967876
"लोहामंडी आगरा",1,0,27.196169,77.967876
"लोहामंडी आगरा",0,0,27.196169,77.967876
"लोहामंडी आगरा",0,0,27.196169,77.967876
"लोहामंडी आगरा",1,0,27.196169,77.967876
"लोहामंडी आगरा",0,0,27.196169,77.967876
"लोहामंडी आगरा",0,0,27.196169,77.967876
"लोहामंडी आगरा",0,0,27.196169,77.967876
"लोहामंडी आगरा",1,0,27.196169,77.967876
"लोहामंडी आगरा",1,0,27.196169,77.967876
"लोहामंडी आगरा",0,0,27.196169,77.967876
"लोहामंडी आगरा",0,0,27.196169,77.967876
"लोहामंडी आगरा",0,0,27.196169,77.967876
"लोहामंडी आगरा",0,0,27.196169,77.967876
"लोहामंडी आगरा",0,0,27.196169,77.967876
"लोहामंडी आगरा",0,0,27.196169,77.967876
"लोहामंडी आगरा",1,0,27.196169,77.967876
"लोहामंडी आगरा",1,0,27.196169,77.967876
"लोहामंडी आगरा",0,0,27.196169,77.967876
"लोहामंडी आगरा",0,0,27.196169,77.967876
"लोहामंडी आगरा",0,0,27.196169,77.967876
"लोहामंडी आगरा",0,0,27.196169,77.967876
"लोहामंडी आगरा",0,0,27.196169,77.967876
"लोहामंडी आगरा",0,0,27.196169,77.967876
"लोहामंडी आगरा",0,0,27.196169,77.967876
"लोहामंडी आगरा",0,0,27.196169,77.967876
"लोहामंडी आगरा",0,0,27.196169,77.967876
"लोहामंडी आगरा",0,0,27.196169,77.967876
"शमशाबाद आगरा",0,0,27.141317,78.041888
"शमशाबाद आगरा",0,0,27.141317,78.041888
"शमशाबाद आगरा",0,0,27.141317,78.041888
"शमशाबाद आगरा",0,0,27.141317,78.041888
"शमशाबाद आगरा",0,0,27.141317,78.041888
"शमशाबाद आगरा",0,0,27.141317,78.041888
"शमशाबाद आगरा",1,0,27.141317,78.041888
"शमशाबाद आगरा",0,0,27.141317,78.041888
"शमशाबाद आगरा",0,0,27.141317,78.041888
"शमशाबाद आगरा",1,0,27.141317,78.041888
"शमशाबाद आगरा",1,0,27.141317,78.041888
"शमशाबाद आगरा",1,0,27.141317,78.041888
"शमशाबाद आगरा",0,0,27.141317,78.041888
"शमशाबाद आगरा",0,0,27.141317,78.041888
"शमशाबाद आगरा",0,0,27.141317,78.041888
"शमशाबाद आगरा",0,0,27.141317,78.041888
"शमशाबाद आगरा",1,0,27.141317,78.041888
"शमशाबाद आगरा",1,0,27.141317,78.041888
"शमशाबाद आगरा",0,0,27.141317,78.041888
"शमशाबाद आगरा",0,0,27.141317,78.041888
"शमशाबाद आगरा",0,0,27.141317,78.041888
"शमशाबाद आगरा",0,0,27.141317,78.041888
"शमशाबाद आगरा",1,0,27.141317,78.041888
"शमशाबाद आगरा",0,0,27.141317,78.041888
"शमशाबाद आगरा",0,0,27.141317,78.041888
"शमशाबाद आगरा",0,0,27.141317,78.041888
"शमशाबाद आगरा",0,0,27.141317,78.041888
"शमशाबाद आगरा",0,0,27.141317,78.041888
"शाहगंज आगरा",0,0,27.177486,77.974176
"शाहगंज आगरा",0,0,27.177486,77.974176
"शाहगंज आगरा",0,0,27.177486,77.974176
"शाहगंज आगरा",0,0,27.177486,77.974176
"शाहगंज आगरा",0,0,27.177486,77.974176
"शाहगंज आगरा",0,0,27.177486,77.974176
"शाहगंज आगरा",0,0,27.177486,77.974176
"शाहगंज आगरा",0,0,27.177486,77.974176
"शाहगंज आगरा",1,0,27.177486,77.974176
"शाहगंज आगरा",1,0,27.177486,77.974176
"शाहगंज आगरा",0,0,27.177486,77.974176
"सदर बाजार आगरा",0,0,27.158984,78.008948
"सदर बाजार आगरा",0,0,27.158984,78.008948
"सदर बाजार आगरा",0,0,27.158984,78.008948
"सदर बाजार आगरा",0,0,27.158984,78.008948
"सदर बाजार आगरा",0,0,27.158984,78.008948
"सदर बाजार आगरा",0,0,27.158984,78.008948
"सदर बाजार आगरा",1,0,27.158984,78.008948
"सिकन्दरा आगरा",1,0,27.21461,77.948551
"सिकन्दरा आगरा",0,0,27.21461,77.948551
"सिकन्दरा आगरा",0,0,27.21461,77.948551
"सिकन्दरा आगरा",0,0,27.21461,77.948551
"सिकन्दरा आगरा",0,0,27.21461,77.948551
"सिकन्दरा आगरा",0,0,27.21461,77.948551
"सिकन्दरा आगरा",1,0,27.21461,77.948551
"सिकन्दरा आगरा",0,0,27.21461,77.948551
"सिकन्दरा आगरा",0,0,27.21461,77.948551
"सिकन्दरा आगरा",0,0,27.21461,77.948551
"सैंया आगरा",0,0,26.959242,77.947484
"सैंया आगरा",0,0,26.959242,77.947484
"सैंया आगरा",0,0,26.959242,77.947484
"सैंया आगरा",1,0,26.959242,77.947484
"सैंया आगरा",0,0,26.959242,77.947484
"सैंया आगरा",1,0,26.959242,77.947484
"सैंया आगरा",0,0,26.959242,77.947484
"सैंया आगरा",1,0,26.959242,77.947484
"सैंया आगरा",0,0,26.959242,77.947484
"सैंया आगरा",1,0,26.959242,77.947484
"सैंया आगरा",1,0,26.959242,77.947484
"सैंया आगरा",0,0,26.959242,77.947484
"सैंया आगरा",0,0,26.959242,77.947484
"सैंया आगरा",0,0,26.959242,77.947484
"सैंया आगरा",0,0,26.959242,77.947484
"सैंया आगरा",0,0,26.959242,77.947484
"अतरौलिया आजमगढ़",0,0,26.334083,82.94682
"अतरौलिया आजमगढ़",0,0,26.334083,82.94682
"अतरौलिया आजमगढ़",0,0,26.334083,82.94682
"अतरौलिया आजमगढ़",0,0,26.334083,82.94682
"अतरौलिया आजमगढ़",1,0,26.334083,82.94682
"अतरौलिया आजमगढ़",0,0,26.334083,82.94682
"अतरौलिया आजमगढ़",1,0,26.334083,82.94682
"अतरौलिया आजमगढ़",0,0,26.334083,82.94682
"अतरौलिया आजमगढ़",1,0,26.334083,82.94682
"अतरौलिया आजमगढ़",0,0,26.334083,82.94682
"अतरौलिया आजमगढ़",1,0,26.334083,82.94682
"अतरौलिया आजमगढ़",0,0,26.334083,82.94682
"अतरौलिया आजमगढ़",0,0,26.334083,82.94682
"अतरौलिया आजमगढ़",1,0,26.334083,82.94682
"अतरौलिया आजमगढ़",0,0,26.334083,82.94682
"अतरौलिया आजमगढ़",1,0,26.334083,82.94682
"अतरौलिया आजमगढ़",0,0,26.334083,82.94682
"अतरौलिया आजमगढ़",0,0,26.334083,82.94682
"अतरौलिया आजमगढ़",0,0,26.334083,82.94682
"अहरौला आजमगढ़",1,0,26.18271,82.908606
"अतरौलिया आजमगढ़",0,0,26.334083,82.94682
"अहरौला आजमगढ़",1,0,26.18271,82.908606
"अहरौला आजमगढ़",1,0,26.18271,82.908606
"अहरौला आजमगढ़",1,0,26.18271,82.908606
"अहरौला आजमगढ़",1,0,26.18271,82.908606
"अहरौला आजमगढ़",0,0,26.18271,82.908606
"अहरौला आजमगढ़",0,0,26.18271,82.908606
"अहरौला आजमगढ़",1,0,26.18271,82.908606
"अहरौला आजमगढ़",0,0,26.18271,82.908606
"अहरौला आजमगढ़",0,0,26.18271,82.908606
"अहरौला आजमगढ़",0,0,26.18271,82.908606
"अहरौला आजमगढ़",1,0,26.18271,82.908606
"अहरौला आजमगढ़",1,0,26.18271,82.908606
"अहरौला आजमगढ़",0,0,26.18271,82.908606
"अहरौला आजमगढ़",1,0,26.18271,82.908606
"अहरौला आजमगढ़",0,0,26.18271,82.908606
"अहरौला आजमगढ़",0,0,26.18271,82.908606
"अहरौला आजमगढ़",0,0,26.18271,82.908606
"अहरौला आजमगढ़",0,0,26.18271,82.908606
"अहरौला आजमगढ़",0,0,26.18271,82.908606
"अहरौला आजमगढ़",0,0,26.18271,82.908606
"अहरौला आजमगढ़",0,0,26.18271,82.908606
"अहरौला आजमगढ़",0,0,26.18271,82.908606
"अहरौला आजमगढ़",0,0,26.18271,82.908606
"अहरौला आजमगढ़",0,0,26.18271,82.908606
"अहरौला आजमगढ़",1,0,26.18271,82.908606
"अहरौला आजमगढ़",0,0,26.18271,82.908606
"अहरौला आजमगढ़",0,0,26.18271,82.908606
"कन्धरापुर आजमगढ़",1,0,26.147233,83.131942
"कन्धरापुर आजमगढ़",1,0,26.147233,83.131942
"कन्धरापुर आजमगढ़",1,0,26.147233,83.131942
"कन्धरापुर आजमगढ़",0,0,26.147233,83.131942
"कन्धरापुर आजमगढ़",0,0,26.147233,83.131942
"कन्धरापुर आजमगढ़",1,0,26.147233,83.131942
"कन्धरापुर आजमगढ़",0,0,26.147233,83.131942
"कन्धरापुर आजमगढ़",0,0,26.147233,83.131942
"कन्धरापुर आजमगढ़",0,0,26.147233,83.131942
"कन्धरापुर आजमगढ़",1,0,26.147233,83.131942
"कन्धरापुर आजमगढ़",0,0,26.147233,83.131942
"कप्तानगंज आजमगढ़",0,0,26.193903,83.0979
"कप्तानगंज आजमगढ़",0,0,26.193903,83.0979
"कप्तानगंज आजमगढ़",1,0,26.193903,83.0979
"कप्तानगंज आजमगढ़",0,0,26.193903,83.0979
"कप्तानगंज आजमगढ़",0,0,26.193903,83.0979
"कप्तानगंज आजमगढ़",1,0,26.193903,83.0979
"कप्तानगंज आजमगढ़",1,0,26.193903,83.0979
"कप्तानगंज आजमगढ़",0,0,26.193903,83.0979
"कप्तानगंज आजमगढ़",0,0,26.193903,83.0979
"कप्तानगंज आजमगढ़",0,0,26.193903,83.0979
"कप्तानगंज आजमगढ़",0,0,26.193903,83.0979
"कप्तानगंज आजमगढ़",0,0,26.193903,83.0979
"कप्तानगंज आजमगढ़",0,0,26.193903,83.0979
"कप्तानगंज आजमगढ़",0,0,26.193903,83.0979
"कप्तानगंज आजमगढ़",0,0,26.193903,83.0979
"कप्तानगंज आजमगढ़",1,0,26.193903,83.0979
"कप्तानगंज आजमगढ़",1,0,26.193903,83.0979
"कप्तानगंज आजमगढ़",0,0,26.193903,83.0979
"कप्तानगंज आजमगढ़",0,0,26.193903,83.0979
"कप्तानगंज आजमगढ़",0,0,26.193903,83.0979
"कप्तानगंज आजमगढ़",0,0,26.193903,83.0979
"कप्तानगंज आजमगढ़",0,0,26.193903,83.0979
"कोतवाली आजमगढ़",0,0,26.063094,83.185808
"कोतवाली आजमगढ़",1,0,26.063094,83.185808
"कोतवाली आजमगढ़",1,0,26.063094,83.185808
"कोतवाली आजमगढ़",0,0,26.063094,83.185808
"कोतवाली आजमगढ़",0,0,26.063094,83.185808
"कोतवाली आजमगढ़",1,0,26.063094,83.185808
"कोतवाली आजमगढ़",1,0,26.063094,83.185808
"कोतवाली आजमगढ़",0,0,26.063094,83.185808
"कोतवाली आजमगढ़",0,0,26.063094,83.185808
"कोतवाली आजमगढ़",0,0,26.063094,83.185808
"कोतवाली आजमगढ़",0,0,26.063094,83.185808
"कोतवाली आजमगढ़",1,0,26.063094,83.185808
"कोतवाली आजमगढ़",1,0,26.063094,83.185808
"कोतवाली आजमगढ़",0,0,26.063094,83.185808
"कोतवाली आजमगढ़",1,0,26.063094,83.185808
"कोतवाली आजमगढ़",1,0,26.063094,83.185808
"कोतवाली आजमगढ़",1,0,26.063094,83.185808
"कोतवाली आजमगढ़",0,0,26.063094,83.185808
"कोतवाली आजमगढ़",0,0,26.063094,83.185808
"कोतवाली आजमगढ़",0,0,26.063094,83.185808
"कोतवाली आजमगढ़",0,0,26.063094,83.185808
"कोतवाली आजमगढ़",0,0,26.063094,83.185808
"कोतवाली आजमगढ़",0,0,26.063094,83.185808
"कोतवाली आजमगढ़",0,0,26.063094,83.185808
"कोतवाली आजमगढ़",1,0,26.063094,83.185808
"कोतवाली आजमगढ़",0,0,26.063094,83.185808
"कोतवाली आजमगढ़",1,0,26.063094,83.185808
"कोतवाली आजमगढ़",0,0,26.063094,83.185808
"कोतवाली आजमगढ़",0,0,26.063094,83.185808
"कोतवाली आजमगढ़",1,0,26.063094,83.185808
"कोतवाली आजमगढ़",1,0,26.063094,83.185808
"कोतवाली आजमगढ़",0,0,26.063094,83.185808
"कोतवाली आजमगढ़",1,0,26.063094,83.185808
"कोतवाली आजमगढ़",0,0,26.063094,83.185808
"कोतवाली आजमगढ़",0,0,26.063094,83.185808
"कोतवाली आजमगढ़",0,0,26.063094,83.185808
"गंभीरपुर आजमगढ़",0,0,25.934582,82.990664
"गंभीरपुर आजमगढ़",0,0,25.934582,82.990664
"गंभीरपुर आजमगढ़",0,0,25.934582,82.990664
"गंभीरपुर आजमगढ़",1,0,25.934582,82.990664
"गंभीरपुर आजमगढ़",0,0,25.934582,82.990664
"गंभीरपुर आजमगढ़",1,0,25.934582,82.990664
"गंभीरपुर आजमगढ़",0,0,25.934582,82.990664
"गंभीरपुर आजमगढ़",0,0,25.934582,82.990664
"गंभीरपुर आजमगढ़",1,0,25.934582,82.990664
"गंभीरपुर आजमगढ़",0,0,25.934582,82.990664
"गंभीरपुर आजमगढ़",0,0,25.934582,82.990664
"जहानागंज आजमगढ़",1,0,25.959801,83.272021
"जहानागंज आजमगढ़",1,0,25.959801,83.272021
"जहानागंज आजमगढ़",0,0,25.959801,83.272021
"जहानागंज आजमगढ़",0,0,25.959801,83.272021
"जहानागंज आजमगढ़",0,0,25.959801,83.272021
"जहानागंज आजमगढ़",0,0,25.959801,83.272021
"जहानागंज आजमगढ़",0,0,25.959801,83.272021
"जहानागंज आजमगढ़",0,0,25.959801,83.272021
"जहानागंज आजमगढ़",1,0,25.959801,83.272021
"जहानागंज आजमगढ़",1,0,25.959801,83.272021
"जहानागंज आजमगढ़",1,0,25.959801,83.272021
"जहानागंज आजमगढ़",0,0,25.959801,83.272021
"जहानागंज आजमगढ़",0,0,25.959801,83.272021
"जहानागंज आजमगढ़",0,0,25.959801,83.272021
"जहानागंज आजमगढ़",0,0,25.959801,83.272021
"जहानागंज आजमगढ़",0,0,25.959801,83.272021
"जहानागंज आजमगढ़",0,0,25.959801,83.272021
"जहानागंज आजमगढ़",0,0,25.959801,83.272021
"जीयनपुर आजमगढ़",1,0,26.153685,83.331642
"जीयनपुर आजमगढ़",0,0,26.153685,83.331642
"जीयनपुर आजमगढ़",0,0,26.153685,83.331642
"जीयनपुर आजमगढ़",1,0,26.153685,83.331642
"जीयनपुर आजमगढ़",0,0,26.153685,83.331642
"जीयनपुर आजमगढ़",0,0,26.153685,83.331642
"जीयनपुर आजमगढ़",1,0,26.153685,83.331642
"जीयनपुर आजमगढ़",0,0,26.153685,83.331642
"जीयनपुर आजमगढ़",0,0,26.153685,83.331642
"जीयनपुर आजमगढ़",1,0,26.153685,83.331642
"जीयनपुर आजमगढ़",0,0,26.153685,83.331642
"जीयनपुर आजमगढ़",0,0,26.153685,83.331642
"जीयनपुर आजमगढ़",0,0,26.153685,83.331642
"तरवा आजमगढ़",1,0,25.749912,83.185258
"तरवा आजमगढ़",0,0,25.749912,83.185258
"तरवा आजमगढ़",0,0,25.749912,83.185258
"तरवा आजमगढ़",0,0,25.749912,83.185258
"तरवा आजमगढ़",0,0,25.749912,83.185258
"तरवा आजमगढ़",0,0,25.749912,83.185258
"तरवा आजमगढ़",1,0,25.749912,83.185258
"तरवा आजमगढ़",1,0,25.749912,83.185258
"तरवा आजमगढ़",1,0,25.749912,83.185258
"तरवा आजमगढ़",0,0,25.749912,83.185258
"तरवा आजमगढ़",0,0,25.749912,83.185258
"तरवा आजमगढ़",0,0,25.749912,83.185258
"तरवा आजमगढ़",0,0,25.749912,83.185258
"तरवा आजमगढ़",0,0,25.749912,83.185258
"तरवा आजमगढ़",0,0,25.749912,83.185258
"तरवा आजमगढ़",0,0,25.749912,83.185258
"तरवा आजमगढ़",0,0,25.749912,83.185258
"तरवा आजमगढ़",0,0,25.749912,83.185258
"तहबरपुर आजमगढ़",0,0,26.115354,83.079236
"तहबरपुर आजमगढ़",0,0,26.115354,83.079236
"तहबरपुर आजमगढ़",1,0,26.115354,83.079236
"तहबरपुर आजमगढ़",0,0,26.115354,83.079236
"तहबरपुर आजमगढ़",0,0,26.115354,83.079236
"तहबरपुर आजमगढ़",0,0,26.115354,83.079236
"तहबरपुर आजमगढ़",0,0,26.115354,83.079236
"तहबरपुर आजमगढ़",1,0,26.115354,83.079236
"तहबरपुर आजमगढ़",0,0,26.115354,83.079236
"तहबरपुर आजमगढ़",1,0,26.115354,83.079236
"तहबरपुर आजमगढ़",0,0,26.115354,83.079236
"तहबरपुर आजमगढ़",0,0,26.115354,83.079236
"तहबरपुर आजमगढ़",1,0,26.115354,83.079236
"तहबरपुर आजमगढ़",1,0,26.115354,83.079236
"तहबरपुर आजमगढ़",0,0,26.115354,83.079236
"तहबरपुर आजमगढ़",0,0,26.115354,83.079236
"तहबरपुर आजमगढ़",0,0,26.115354,83.079236
"दीदारगंज आजमगढ़",1,0,25.993885,82.768357
"दीदारगंज आजमगढ़",0,0,25.993885,82.768357
"दीदारगंज आजमगढ़",0,0,25.993885,82.768357
"दीदारगंज आजमगढ़",0,0,25.993885,82.768357
"दीदारगंज आजमगढ़",0,0,25.993885,82.768357
"दीदारगंज आजमगढ़",0,0,25.993885,82.768357
"दीदारगंज आजमगढ़",1,0,25.993885,82.768357
"दीदारगंज आजमगढ़",1,0,25.993885,82.768357
"दीदारगंज आजमगढ़",0,0,25.993885,82.768357
"दीदारगंज आजमगढ़",0,0,25.993885,82.768357
"देवगांव आजमगढ़",1,0,25.745457,82.987268
"देवगांव आजमगढ़",1,0,25.745457,82.987268
"देवगांव आजमगढ़",1,0,25.745457,82.987268
"देवगांव आजमगढ़",1,0,25.745457,82.987268
"देवगांव आजमगढ़",0,0,25.745457,82.987268
"देवगांव आजमगढ़",1,0,25.745457,82.987268
"देवगांव आजमगढ़",1,0,25.745457,82.987268
"देवगांव आजमगढ़",1,0,25.745457,82.987268
"देवगांव आजमगढ़",0,0,25.745457,82.987268
"देवगांव आजमगढ़",0,0,25.745457,82.987268
"देवगांव आजमगढ़",1,0,25.745457,82.987268
"देवगांव आजमगढ़",0,0,25.745457,82.987268
"देवगांव आजमगढ़",1,0,25.745457,82.987268
"देवगांव आजमगढ़",0,0,25.745457,82.987268
"देवगांव आजमगढ़",0,0,25.745457,82.987268
"देवगांव आजमगढ़",0,0,25.745457,82.987268
"देवगांव आजमगढ़",0,0,25.745457,82.987268
"देवगांव आजमगढ़",0,0,25.745457,82.987268
"देवगांव आजमगढ़",0,0,25.745457,82.987268
"देवगांव आजमगढ़",0,0,25.745457,82.987268
"देवगांव आजमगढ़",0,0,25.745457,82.987268
"देवगांव आजमगढ़",0,0,25.745457,82.987268
"देवगांव आजमगढ़",0,0,25.745457,82.987268
"देवगांव आजमगढ़",0,0,25.745457,82.987268
"निज़ामाबाद आजमगढ़",0,0,26.05578,83.056061
"निज़ामाबाद आजमगढ़",0,0,26.05578,83.056061
"निज़ामाबाद आजमगढ़",1,0,26.05578,83.056061
"निज़ामाबाद आजमगढ़",1,0,26.05578,83.056061
"निज़ामाबाद आजमगढ़",1,0,26.05578,83.056061
"निज़ामाबाद आजमगढ़",0,0,26.05578,83.056061
"निज़ामाबाद आजमगढ़",0,0,26.05578,83.056061
"निज़ामाबाद आजमगढ़",1,0,26.05578,83.056061
"निज़ामाबाद आजमगढ़",1,0,26.05578,83.056061
"निज़ामाबाद आजमगढ़",0,0,26.05578,83.056061
"निज़ामाबाद आजमगढ़",0,0,26.05578,83.056061
"निज़ामाबाद आजमगढ़",1,0,26.05578,83.056061
"निज़ामाबाद आजमगढ़",1,0,26.05578,83.056061
"निज़ामाबाद आजमगढ़",0,0,26.05578,83.056061
"निज़ामाबाद आजमगढ़",1,0,26.05578,83.056061
"निज़ामाबाद आजमगढ़",0,0,26.05578,83.056061
"निज़ामाबाद आजमगढ़",0,0,26.05578,83.056061
"निज़ामाबाद आजमगढ़",0,0,26.05578,83.056061
"निज़ामाबाद आजमगढ़",0,0,26.05578,83.056061
"निज़ामाबाद आजमगढ़",0,0,26.05578,83.056061
"निज़ामाबाद आजमगढ़",0,0,26.05578,83.056061
"निज़ामाबाद आजमगढ़",0,0,26.05578,83.056061
"निज़ामाबाद आजमगढ़",0,0,26.05578,83.056061
"निज़ामाबाद आजमगढ़",0,0,26.05578,83.056061
"निज़ामाबाद आजमगढ़",0,0,26.05578,83.056061
"निज़ामाबाद आजमगढ़",0,0,26.05578,83.056061
"निज़ामाबाद आजमगढ़",0,0,26.05578,83.056061
"पवई आजमगढ़",0,0,26.170073,82.747261
"पवई आजमगढ़",1,0,26.170073,82.747261
"पवई आजमगढ़",0,0,26.170073,82.747261
"पवई आजमगढ़",1,0,26.170073,82.747261
"पवई आजमगढ़",1,0,26.170073,82.747261
"पवई आजमगढ़",0,0,26.170073,82.747261
"पवई आजमगढ़",0,0,26.170073,82.747261
"पवई आजमगढ़",0,0,26.170073,82.747261
"पवई आजमगढ़",0,0,26.170073,82.747261
"पवई आजमगढ़",0,0,26.170073,82.747261
"पवई आजमगढ़",0,0,26.170073,82.747261
"पवई आजमगढ़",0,0,26.170073,82.747261
"पवई आजमगढ़",0,0,26.170073,82.747261
"पवई आजमगढ़",0,0,26.170073,82.747261
"फूलपुर आजमगढ़",1,0,26.08057,82.875171
"फूलपुर आजमगढ़",0,0,26.08057,82.875171
"फूलपुर आजमगढ़",0,0,26.08057,82.875171
"फूलपुर आजमगढ़",1,0,26.08057,82.875171
"फूलपुर आजमगढ़",1,0,26.08057,82.875171
"फूलपुर आजमगढ़",0,0,26.08057,82.875171
"फूलपुर आजमगढ़",0,0,26.08057,82.875171
"फूलपुर आजमगढ़",0,0,26.08057,82.875171
"फूलपुर आजमगढ़",1,0,26.08057,82.875171
"फूलपुर आजमगढ़",1,0,26.08057,82.875171
"फूलपुर आजमगढ़",1,0,26.08057,82.875171
"फूलपुर आजमगढ़",0,0,26.08057,82.875171
"फूलपुर आजमगढ़",1,0,26.08057,82.875171
"फूलपुर आजमगढ़",1,0,26.08057,82.875171
"फूलपुर आजमगढ़",1,0,26.08057,82.875171
"फूलपुर आजमगढ़",0,0,26.08057,82.875171
"फूलपुर आजमगढ़",0,0,26.08057,82.875171
"फूलपुर आजमगढ़",0,0,26.08057,82.875171
"फूलपुर आजमगढ़",0,0,26.08057,82.875171
"फूलपुर आजमगढ़",0,0,26.08057,82.875171
"फूलपुर आजमगढ़",0,0,26.08057,82.875171
"फूलपुर आजमगढ़",0,0,26.08057,82.875171
"बरदह आजमगढ़",0,0,25.809085,82.857642
"बरदह आजमगढ़",0,0,25.809085,82.857642
"बरदह आजमगढ़",0,0,25.809085,82.857642
"बरदह आजमगढ़",1,0,25.809085,82.857642
"बरदह आजमगढ़",1,0,25.809085,82.857642
"बरदह आजमगढ़",0,0,25.809085,82.857642
"बरदह आजमगढ़",0,0,25.809085,82.857642
"बरदह आजमगढ़",0,0,25.809085,82.857642
"बरदह आजमगढ़",0,0,25.809085,82.857642
"बरदह आजमगढ़",0,0,25.809085,82.857642
"बरदह आजमगढ़",1,0,25.809085,82.857642
"बरदह आजमगढ़",1,0,25.809085,82.857642
"बरदह आजमगढ़",0,0,25.809085,82.857642
"बरदह आजमगढ़",0,0,25.809085,82.857642
"बरदह आजमगढ़",0,0,25.809085,82.857642
"बरदह आजमगढ़",0,0,25.809085,82.857642
"बरदह आजमगढ़",0,0,25.809085,82.857642
"बरदह आजमगढ़",0,0,25.809085,82.857642
"बरदह आजमगढ़",0,0,25.809085,82.857642
"बरदह आजमगढ़",0,0,25.809085,82.857642
"बरदह आजमगढ़",0,0,25.809085,82.857642
"बरदह आजमगढ़",0,0,25.809085,82.857642
"बिलरियागंज आजमगढ़",0,0,26.201754,83.23062
"बिलरियागंज आजमगढ़",0,0,26.201754,83.23062
"बिलरियागंज आजमगढ़",0,0,26.201754,83.23062
"बिलरियागंज आजमगढ़",1,0,26.201754,83.23062
"बिलरियागंज आजमगढ़",0,0,26.201754,83.23062
"बिलरियागंज आजमगढ़",1,0,26.201754,83.23062
"बिलरियागंज आजमगढ़",1,0,26.201754,83.23062
"बिलरियागंज आजमगढ़",0,0,26.201754,83.23062
"बिलरियागंज आजमगढ़",1,0,26.201754,83.23062
"बिलरियागंज आजमगढ़",0,0,26.201754,83.23062
"बिलरियागंज आजमगढ़",0,0,26.201754,83.23062
"बिलरियागंज आजमगढ़",1,0,26.201754,83.23062
"बिलरियागंज आजमगढ़",0,0,26.201754,83.23062
"बिलरियागंज आजमगढ़",0,0,26.201754,83.23062
"बिलरियागंज आजमगढ़",1,0,26.201754,83.23062
"बिलरियागंज आजमगढ़",1,0,26.201754,83.23062
"बिलरियागंज आजमगढ़",0,0,26.201754,83.23062
"बिलरियागंज आजमगढ़",1,0,26.201754,83.23062
"बिलरियागंज आजमगढ़",0,0,26.201754,83.23062
"बिलरियागंज आजमगढ़",0,0,26.201754,83.23062
"बिलरियागंज आजमगढ़",0,0,26.201754,83.23062
"बिलरियागंज आजमगढ़",0,0,26.201754,83.23062
"बिलरियागंज आजमगढ़",0,0,26.201754,83.23062
"बिलरियागंज आजमगढ़",0,0,26.201754,83.23062
"बिलरियागंज आजमगढ़",1,0,26.201754,83.23062
"बिलरियागंज आजमगढ़",0,0,26.201754,83.23062
"बिलरियागंज आजमगढ़",0,0,26.201754,83.23062
"महराजगंज आजमगढ़",1,0,26.253142,83.119594
"महराजगंज आजमगढ़",0,0,26.253142,83.119594
"महराजगंज आजमगढ़",0,0,26.253142,83.119594
"महराजगंज आजमगढ़",0,0,26.253142,83.119594
"महराजगंज आजमगढ़",1,0,26.253142,83.119594
"महराजगंज आजमगढ़",0,0,26.253142,83.119594
"महराजगंज आजमगढ़",0,0,26.253142,83.119594
"महराजगंज आजमगढ़",1,0,26.253142,83.119594
"महराजगंज आजमगढ़",0,0,26.253142,83.119594
"महराजगंज आजमगढ़",1,0,26.253142,83.119594
"महराजगंज आजमगढ़",0,0,26.253142,83.119594
"महराजगंज आजमगढ़",0,0,26.253142,83.119594
"महराजगंज आजमगढ़",0,0,26.253142,83.119594
"महराजगंज आजमगढ़",0,0,26.253142,83.119594
"महराजगंज आजमगढ़",0,0,26.253142,83.119594
"महिला थाना आजमगढ़",1,1,26.062967,83.185513
"महिला थाना आजमगढ़",1,1,26.062967,83.185513
"महिला थाना आजमगढ़",1,1,26.062967,83.185513
"महिला थाना आजमगढ़",1,1,26.062967,83.185513
"महिला थाना आजमगढ़",1,1,26.062967,83.185513
"मुबारकपुर आजमगढ़",1,0,26.079523,83.299197
"मुबारकपुर आजमगढ़",1,0,26.079523,83.299197
"मुबारकपुर आजमगढ़",0,0,26.079523,83.299197
"मुबारकपुर आजमगढ़",1,0,26.079523,83.299197
"मुबारकपुर आजमगढ़",0,0,26.079523,83.299197
"मुबारकपुर आजमगढ़",0,0,26.079523,83.299197
"मुबारकपुर आजमगढ़",0,0,26.079523,83.299197
"मुबारकपुर आजमगढ़",1,0,26.079523,83.299197
"मुबारकपुर आजमगढ़",1,0,26.079523,83.299197
"मुबारकपुर आजमगढ़",0,0,26.079523,83.299197
"मुबारकपुर आजमगढ़",0,0,26.079523,83.299197
"मुबारकपुर आजमगढ़",0,0,26.079523,83.299197
"मुबारकपुर आजमगढ़",0,0,26.079523,83.299197
"मुबारकपुर आजमगढ़",1,0,26.079523,83.299197
"मुबारकपुर आजमगढ़",0,0,26.079523,83.299197
"मुबारकपुर आजमगढ़",0,0,26.079523,83.299197
"मुबारकपुर आजमगढ़",0,0,26.079523,83.299197
"मुबारकपुर आजमगढ़",0,0,26.079523,83.299197
"मुबारकपुर आजमगढ़",0,0,26.079523,83.299197
"मुबारकपुर आजमगढ़",0,0,26.079523,83.299197
"मुबारकपुर आजमगढ़",0,0,26.079523,83.299197
"मुबारकपुर आजमगढ़",0,0,26.079523,83.299197
"मुबारकपुर आजमगढ़",0,0,26.079523,83.299197
"मुबारकपुर आजमगढ़",0,0,26.079523,83.299197
"मुबारकपुर आजमगढ़",0,0,26.079523,83.299197
"मुबारकपुर आजमगढ़",0,0,26.079523,83.299197
"मुबारकपुर आजमगढ़",0,0,26.079523,83.299197
"मेहनगर आजमगढ़",0,0,25.875885,83.109641
"मेहनगर आजमगढ़",0,0,25.875885,83.109641
"मेहनगर आजमगढ़",0,0,25.875885,83.109641
"मेहनगर आजमगढ़",1,0,25.875885,83.109641
"मेहनगर आजमगढ़",1,0,25.875885,83.109641
"मेहनगर आजमगढ़",1,0,25.875885,83.109641
"मेहनगर आजमगढ़",0,0,25.875885,83.109641
"मेहनगर आजमगढ़",1,0,25.875885,83.109641
"मेहनगर आजमगढ़",0,0,25.875885,83.109641
"मेहनगर आजमगढ़",0,0,25.875885,83.109641
"मेहनगर आजमगढ़",0,0,25.875885,83.109641
"मेहनगर आजमगढ़",0,0,25.875885,83.109641
"मेहनगर आजमगढ़",0,0,25.875885,83.109641
"मेहनगर आजमगढ़",0,0,25.875885,83.109641
"मेहनगर आजमगढ़",0,0,25.875885,83.109641
"मेहनगर आजमगढ़",0,0,25.875885,83.109641
"मेहनगर आजमगढ़",0,0,25.875885,83.109641
"मेहनगर आजमगढ़",0,0,25.875885,83.109641
"मेहनगर आजमगढ़",0,0,25.875885,83.109641
"मेहनगर आजमगढ़",0,0,25.875885,83.109641
"मेहनगर आजमगढ़",0,0,25.875885,83.109641
"मेहनगर आजमगढ़",0,0,25.875885,83.109641
"मेहनगर आजमगढ़",0,0,25.875885,83.109641
"मेहनगर आजमगढ़",0,0,25.875885,83.109641
"मेहनगर आजमगढ़",0,0,25.875885,83.109641
"मेहनगर आजमगढ़",1,0,25.875885,83.109641
"मेहनगर आजमगढ़",1,0,25.875885,83.109641
"मेहनाजपुर आजमगढ़",0,0,25.673923,83.116894
"मेहनाजपुर आजमगढ़",1,0,25.673923,83.116894
"मेहनाजपुर आजमगढ़",0,0,25.673923,83.116894
"मेहनाजपुर आजमगढ़",0,0,25.673923,83.116894
"मेहनाजपुर आजमगढ़",0,0,25.673923,83.116894
"रानी-की-सराय आजमगढ़",0,0,26.002255,83.107023
"रानी-की-सराय आजमगढ़",1,0,26.002255,83.107023
"रानी-की-सराय आजमगढ़",0,0,26.002255,83.107023
"रानी-की-सराय आजमगढ़",0,0,26.002255,83.107023
"रानी-की-सराय आजमगढ़",0,0,26.002255,83.107023
"रानी-की-सराय आजमगढ़",0,0,26.002255,83.107023
"रानी-की-सराय आजमगढ़",1,0,26.002255,83.107023
"रानी-की-सराय आजमगढ़",1,0,26.002255,83.107023
"रानी-की-सराय आजमगढ़",0,0,26.002255,83.107023
"रानी-की-सराय आजमगढ़",0,0,26.002255,83.107023
"रानी-की-सराय आजमगढ़",0,0,26.002255,83.107023
"रानी-की-सराय आजमगढ़",0,0,26.002255,83.107023
"रानी-की-सराय आजमगढ़",0,0,26.002255,83.107023
"रानी-की-सराय आजमगढ़",1,0,26.002255,83.107023
"रौनापार आजमगढ़",0,0,26.283343,83.285736
"रौनापार आजमगढ़",1,0,26.283343,83.285736
"रौनापार आजमगढ़",0,0,26.283343,83.285736
"रौनापार आजमगढ़",0,0,26.283343,83.285736
"रौनापार आजमगढ़",0,0,26.283343,83.285736
"रौनापार आजमगढ़",0,0,26.283343,83.285736
"रौनापार आजमगढ़",0,0,26.283343,83.285736
"रौनापार आजमगढ़",0,0,26.283343,83.285736
"रौनापार आजमगढ़",0,0,26.283343,83.285736
"रौनापार आजमगढ़",0,0,26.283343,83.285736
"रौनापार आजमगढ़",1,0,26.283343,83.285736
"रौनापार आजमगढ़",0,0,26.283343,83.285736
"रौनापार आजमगढ़",0,0,26.283343,83.285736
"रौनापार आजमगढ़",1,0,26.283343,83.285736
"रौनापार आजमगढ़",0,0,26.283343,83.285736
"रौनापार आजमगढ़",1,0,26.283343,83.285736
"रौनापार आजमगढ़",1,0,26.283343,83.285736
"रौनापार आजमगढ़",0,0,26.283343,83.285736
"रौनापार आजमगढ़",0,0,26.283343,83.285736
"रौनापार आजमगढ़",0,0,26.283343,83.285736
"रौनापार आजमगढ़",0,0,26.283343,83.285736
"रौनापार आजमगढ़",0,0,26.283343,83.285736
"रौनापार आजमगढ़",0,0,26.283343,83.285736
"रौनापार आजमगढ़",0,0,26.283343,83.285736
"रौनापार आजमगढ़",0,0,26.283343,83.285736
"रौनापार आजमगढ़",0,0,26.283343,83.285736
"रौनापार आजमगढ़",0,0,26.283343,83.285736
"रौनापार आजमगढ़",0,0,26.283343,83.285736
"रौनापार आजमगढ़",0,0,26.283343,83.285736
"रौनापार आजमगढ़",1,0,26.283343,83.285736
"सरायमीर आजमगढ़",0,0,26.015845,82.937535
"सरायमीर आजमगढ़",0,0,26.015845,82.937535
"सरायमीर आजमगढ़",0,0,26.015845,82.937535
"सरायमीर आजमगढ़",0,0,26.015845,82.937535
"सरायमीर आजमगढ़",1,0,26.015845,82.937535
"सरायमीर आजमगढ़",1,0,26.015845,82.937535
"सरायमीर आजमगढ़",0,0,26.015845,82.937535
"सरायमीर आजमगढ़",0,0,26.015845,82.937535
"सरायमीर आजमगढ़",0,0,26.015845,82.937535
"सरायमीर आजमगढ़",0,0,26.015845,82.937535
"सरायमीर आजमगढ़",1,0,26.015845,82.937535
"सरायमीर आजमगढ़",0,0,26.015845,82.937535
"सरायमीर आजमगढ़",0,0,26.015845,82.937535
"सरायमीर आजमगढ़",1,0,26.015845,82.937535
"सरायमीर आजमगढ़",1,0,26.015845,82.937535
"सरायमीर आजमगढ़",0,0,26.015845,82.937535
"सरायमीर आजमगढ़",1,0,26.015845,82.937535
"सरायमीर आजमगढ़",0,0,26.015845,82.937535
"सरायमीर आजमगढ़",1,0,26.015845,82.937535
"सरायमीर आजमगढ़",0,0,26.015845,82.937535
"सरायमीर आजमगढ़",0,0,26.015845,82.937535
"सिधारी आजमगढ़",1,0,26.04986,83.192731
"सिधारी आजमगढ़",0,0,26.04986,83.192731
"सिधारी आजमगढ़",0,0,26.04986,83.192731
"सिधारी आजमगढ़",0,0,26.04986,83.192731
"सिधारी आजमगढ़",1,0,26.04986,83.192731
"सिधारी आजमगढ़",1,0,26.04986,83.192731
"सिधारी आजमगढ़",1,0,26.04986,83.192731
"सिधारी आजमगढ़",0,0,26.04986,83.192731
"सिधारी आजमगढ़",0,0,26.04986,83.192731
"सिधारी आजमगढ़",0,0,26.04986,83.192731
"सिधारी आजमगढ़",0,0,26.04986,83.192731
"सिधारी आजमगढ़",0,0,26.04986,83.192731
"सिधारी आजमगढ़",1,0,26.04986,83.192731
"सिधारी आजमगढ़",0,0,26.04986,83.192731
"सिधारी आजमगढ़",0,0,26.04986,83.192731
"सिधारी आजमगढ़",0,0,26.04986,83.192731
"सिधारी आजमगढ़",0,0,26.04986,83.192731
"सिधारी आजमगढ़",0,0,26.04986,83.192731
"सिधारी आजमगढ़",0,0,26.04986,83.192731
"सिधारी आजमगढ़",1,0,26.04986,83.192731
